transaction_id,date_key,store_location,product_category,product_detail,transaction_qty,unit_price,total_amount
1,2023-01-01,Lower Manhattan,Coffee,Ethiopia Rg,2,3,6
2,2023-01-01,Lower Manhattan,Tea,Spicy Eye Opener Chai Lg,2,"3,1","6,2"
3,2023-01-01,Lower Manhattan,Drinking Chocolate,Dark chocolate Lg,2,"4,5",9
4,2023-01-01,Lower Manhattan,Coffee,Our Old Time Diner Blend Sm,1,2,2
5,2023-01-01,Lower Manhattan,Tea,Spicy Eye Opener Chai Lg,2,"3,1","6,2"
6,2023-01-01,Lower Manhattan,Bakery,Oatmeal Scone,1,3,3
7,2023-01-01,Lower Manhattan,Coffee,Our Old Time Diner Blend Sm,1,2,2
8,2023-01-01,Lower Manhattan,Coffee,Columbian Medium Roast Sm,2,2,4
9,2023-01-01,Lower Manhattan,Coffee,Latte Rg,1,"4,25","4,25"
10,2023-01-01,Lower Manhattan,Drinking Chocolate,Dark chocolate Rg,2,"3,5",7
11,2023-01-01,Lower Manhattan,Tea,Spicy Eye Opener Chai Rg,1,"2,55","2,55"
12,2023-01-01,Lower Manhattan,Coffee,Ethiopia Lg,2,"3,5",7
13,2023-01-01,Lower Manhattan,Tea,Earl Grey Lg,1,3,3
14,2023-01-01,Lower Manhattan,Tea,Spicy Eye Opener Chai Lg,1,"3,1","3,1"
15,2023-01-01,Lower Manhattan,Coffee,Ouro Brasileiro shot,2,3,6
16,2023-01-01,Lower Manhattan,Tea,Serenity Green Tea Lg,2,3,6
17,2023-01-01,Lower Manhattan,Bakery,Jumbo Savory Scone,1,"3,75","3,75"
18,2023-01-01,Hell's Kitchen,Tea,Lemon Grass Rg,1,"2,5","2,5"
19,2023-01-01,Hell's Kitchen,Drinking Chocolate,Dark chocolate Lg,2,"4,5",9
20,2023-01-01,Hell's Kitchen,Drinking Chocolate,Sustainably Grown Organic Lg,1,"4,75","4,75"
21,2023-01-01,Hell's Kitchen,Coffee,Ethiopia Lg,2,"3,5",7
22,2023-01-01,Lower Manhattan,Tea,Spicy Eye Opener Chai Rg,2,"2,55","5,1"
23,2023-01-01,Lower Manhattan,Bakery,Hazelnut Biscotti,1,"3,25","3,25"
24,2023-01-01,Hell's Kitchen,Tea,Spicy Eye Opener Chai Rg,1,"2,55","2,55"
25,2023-01-01,Hell's Kitchen,Coffee,Cappuccino,1,"3,75","3,75"
26,2023-01-01,Lower Manhattan,Tea,Lemon Grass Lg,1,3,3
27,2023-01-01,Lower Manhattan,Bakery,Chocolate Chip Biscotti,1,"3,5","3,5"
28,2023-01-01,Lower Manhattan,Tea,Peppermint Lg,2,3,6
29,2023-01-01,Lower Manhattan,Bakery,Chocolate Croissant,1,"3,75","3,75"
30,2023-01-01,Hell's Kitchen,Coffee,Cappuccino,2,"3,75","7,5"
31,2023-01-01,Hell's Kitchen,Coffee,Latte,1,"3,75","3,75"
32,2023-01-01,Lower Manhattan,Coffee,Brazilian Rg,1,3,3
33,2023-01-01,Lower Manhattan,Coffee,Brazilian Lg,2,"3,5",7
34,2023-01-01,Lower Manhattan,Coffee,Columbian Medium Roast Rg,2,"2,5",5
35,2023-01-01,Hell's Kitchen,Tea,Morning Sunrise Chai Rg,1,"2,5","2,5"
36,2023-01-01,Lower Manhattan,Coffee,Brazilian Rg,1,3,3
37,2023-01-01,Lower Manhattan,Tea,Morning Sunrise Chai Lg,1,4,4
38,2023-01-01,Hell's Kitchen,Coffee,Cappuccino,2,"3,75","7,5"
39,2023-01-01,Hell's Kitchen,Tea,Peppermint Lg,1,3,3
40,2023-01-01,Hell's Kitchen,Tea,Peppermint Lg,2,3,6
41,2023-01-01,Hell's Kitchen,Coffee,Our Old Time Diner Blend Lg,1,3,3
42,2023-01-01,Lower Manhattan,Drinking Chocolate,Sustainably Grown Organic Rg,2,"3,75","7,5"
43,2023-01-01,Lower Manhattan,Bakery,"Scottish Cream Scone ",1,"4,5","4,5"
44,2023-01-01,Lower Manhattan,Tea,Spicy Eye Opener Chai Rg,1,"2,55","2,55"
45,2023-01-01,Lower Manhattan,Bakery,Oatmeal Scone,1,3,3
46,2023-01-01,Lower Manhattan,Tea,Peppermint Rg,1,"2,5","2,5"
47,2023-01-01,Lower Manhattan,Tea,Spicy Eye Opener Chai Rg,2,"2,55","5,1"
48,2023-01-01,Lower Manhattan,Tea,English Breakfast Rg,1,"2,5","2,5"
49,2023-01-01,Hell's Kitchen,Coffee,Our Old Time Diner Blend Rg,1,"2,5","2,5"
50,2023-01-01,Hell's Kitchen,Tea,Serenity Green Tea Rg,1,"2,5","2,5"
51,2023-01-01,Hell's Kitchen,Coffee,Ethiopia Rg,1,3,3
52,2023-01-01,Lower Manhattan,Tea,Serenity Green Tea Lg,2,3,6
53,2023-01-01,Lower Manhattan,Tea,Lemon Grass Lg,2,3,6
54,2023-01-01,Lower Manhattan,Coffee,Brazilian Sm,2,"2,2","4,4"
55,2023-01-01,Hell's Kitchen,Drinking Chocolate,Dark chocolate Lg,1,"4,5","4,5"
56,2023-01-01,Lower Manhattan,Coffee,Latte,1,"3,75","3,75"
57,2023-01-01,Hell's Kitchen,Tea,Peppermint Lg,1,3,3
58,2023-01-01,Lower Manhattan,Coffee,Jamaican Coffee River Sm,1,"2,45","2,45"
59,2023-01-01,Hell's Kitchen,Coffee,Jamaican Coffee River Lg,2,"3,75","7,5"
60,2023-01-01,Hell's Kitchen,Bakery,Ginger Biscotti,1,"3,5","3,5"
61,2023-01-01,Hell's Kitchen,Tea,Traditional Blend Chai Lg,1,3,3
62,2023-01-01,Hell's Kitchen,Coffee,Cappuccino Lg,2,"4,25","8,5"
63,2023-01-01,Lower Manhattan,Coffee,Cappuccino Lg,1,"4,25","4,25"
64,2023-01-01,Lower Manhattan,Tea,Peppermint Lg,2,3,6
65,2023-01-01,Lower Manhattan,Bakery,Jumbo Savory Scone,1,"3,75","3,75"
66,2023-01-01,Lower Manhattan,Tea,Morning Sunrise Chai Rg,2,"2,5",5
67,2023-01-01,Lower Manhattan,Coffee,Our Old Time Diner Blend Lg,1,3,3
68,2023-01-01,Lower Manhattan,Coffee,Espresso shot,2,3,6
69,2023-01-01,Hell's Kitchen,Coffee,Cappuccino,2,"3,75","7,5"
70,2023-01-01,Lower Manhattan,Coffee,Espresso shot,2,3,6
71,2023-01-01,Lower Manhattan,Bakery,Hazelnut Biscotti,1,"3,25","3,25"
72,2023-01-01,Lower Manhattan,Tea,Earl Grey Rg,1,"2,5","2,5"
73,2023-01-01,Hell's Kitchen,Tea,Serenity Green Tea Lg,1,3,3
74,2023-01-01,Hell's Kitchen,Coffee,Cappuccino,2,"3,75","7,5"
75,2023-01-01,Hell's Kitchen,Bakery,Ginger Scone,1,"3,25","3,25"
76,2023-01-01,Hell's Kitchen,Coffee,Jamaican Coffee River Rg,1,"3,1","3,1"
77,2023-01-01,Lower Manhattan,Coffee,Our Old Time Diner Blend Rg,1,"2,5","2,5"
78,2023-01-01,Lower Manhattan,Tea,Lemon Grass Lg,2,3,6
79,2023-01-01,Hell's Kitchen,Coffee,Our Old Time Diner Blend Sm,1,2,2
80,2023-01-01,Hell's Kitchen,Coffee,Ethiopia Rg,2,3,6
81,2023-01-01,Hell's Kitchen,Coffee,Jamaican Coffee River Lg,2,"3,75","7,5"
82,2023-01-01,Lower Manhattan,Coffee,Brazilian Rg,1,3,3
83,2023-01-01,Lower Manhattan,Bakery,Chocolate Croissant,1,"3,75","3,75"
84,2023-01-01,Lower Manhattan,Coffee,Ethiopia Rg,2,3,6
85,2023-01-01,Hell's Kitchen,Tea,Morning Sunrise Chai Rg,1,"2,5","2,5"
86,2023-01-01,Hell's Kitchen,Coffee,Cappuccino Lg,2,"4,25","8,5"
87,2023-01-01,Lower Manhattan,Coffee,Brazilian Sm,2,"2,2","4,4"
88,2023-01-01,Lower Manhattan,Coffee,Our Old Time Diner Blend Rg,2,"2,5",5
89,2023-01-01,Hell's Kitchen,Tea,Morning Sunrise Chai Rg,1,"2,5","2,5"
90,2023-01-01,Hell's Kitchen,Tea,Spicy Eye Opener Chai Rg,2,"2,55","5,1"
91,2023-01-01,Lower Manhattan,Drinking Chocolate,Dark chocolate Rg,2,"3,5",7
92,2023-01-01,Lower Manhattan,Bakery,Ginger Biscotti,1,"3,5","3,5"
93,2023-01-01,Hell's Kitchen,Tea,Serenity Green Tea Lg,2,3,6
94,2023-01-01,Lower Manhattan,Coffee,Jamaican Coffee River Rg,1,"3,1","3,1"
95,2023-01-01,Lower Manhattan,Bakery,Cranberry Scone,1,"3,25","3,25"
96,2023-01-01,Hell's Kitchen,Drinking Chocolate,Sustainably Grown Organic Rg,1,"3,75","3,75"
97,2023-01-01,Lower Manhattan,Drinking Chocolate,Dark chocolate Lg,1,"4,5","4,5"
98,2023-01-01,Lower Manhattan,Coffee,Jamaican Coffee River Lg,2,"3,75","7,5"
99,2023-01-01,Hell's Kitchen,Tea,Earl Grey Lg,2,3,6
100,2023-01-01,Lower Manhattan,Drinking Chocolate,Sustainably Grown Organic Lg,2,"4,75","9,5"
101,2023-01-01,Lower Manhattan,Tea,Serenity Green Tea Lg,1,3,3
102,2023-01-01,Hell's Kitchen,Coffee,Our Old Time Diner Blend Rg,2,"2,5",5
103,2023-01-01,Hell's Kitchen,Bakery,Almond Croissant,1,"3,75","3,75"
104,2023-01-01,Lower Manhattan,Coffee,Latte,1,"3,75","3,75"
105,2023-01-01,Lower Manhattan,Bakery,Chocolate Chip Biscotti,1,"3,5","3,5"
106,2023-01-01,Astoria,Coffee,Our Old Time Diner Blend Sm,1,2,2
107,2023-01-01,Astoria,Coffee,Latte,1,"3,75","3,75"
108,2023-01-01,Astoria,Bakery,Croissant,1,"3,5","3,5"
109,2023-01-01,Lower Manhattan,Tea,Serenity Green Tea Lg,2,3,6
110,2023-01-01,Lower Manhattan,Bakery,Croissant,1,"3,5","3,5"
111,2023-01-01,Hell's Kitchen,Coffee,Latte Rg,2,"4,25","8,5"
112,2023-01-01,Astoria,Drinking Chocolate,Dark chocolate Lg,1,"4,5","4,5"
113,2023-01-01,Hell's Kitchen,Tea,Earl Grey Lg,2,3,6
114,2023-01-01,Astoria,Drinking Chocolate,Dark chocolate Lg,1,"4,5","4,5"
115,2023-01-01,Astoria,Tea,Serenity Green Tea Lg,1,3,3
116,2023-01-01,Astoria,Bakery,Jumbo Savory Scone,1,"3,75","3,75"
117,2023-01-01,Astoria,Tea,Serenity Green Tea Rg,1,"2,5","2,5"
118,2023-01-01,Astoria,Tea,Lemon Grass Lg,1,3,3
119,2023-01-01,Astoria,Tea,Peppermint Lg,2,3,6
120,2023-01-01,Hell's Kitchen,Tea,Morning Sunrise Chai Rg,2,"2,5",5
121,2023-01-01,Lower Manhattan,Tea,Earl Grey Lg,2,3,6
122,2023-01-01,Astoria,Drinking Chocolate,Sustainably Grown Organic Rg,1,"3,75","3,75"
123,2023-01-01,Hell's Kitchen,Coffee,Ethiopia Sm,1,"2,2","2,2"
124,2023-01-01,Lower Manhattan,Drinking Chocolate,Sustainably Grown Organic Rg,2,"3,75","7,5"
125,2023-01-01,Lower Manhattan,Bakery,Oatmeal Scone,1,3,3
126,2023-01-01,Astoria,Tea,English Breakfast Lg,2,3,6
127,2023-01-01,Lower Manhattan,Coffee,Cappuccino,2,"3,75","7,5"
128,2023-01-01,Hell's Kitchen,Tea,Peppermint Rg,2,"2,5",5
129,2023-01-01,Astoria,Coffee,Ethiopia Lg,2,"3,5",7
130,2023-01-01,Lower Manhattan,Tea,Spicy Eye Opener Chai Rg,2,"2,55","5,1"
131,2023-01-01,Hell's Kitchen,Coffee,Jamaican Coffee River Rg,2,"3,1","6,2"
132,2023-01-01,Hell's Kitchen,Bakery,"Scottish Cream Scone ",1,"4,5","4,5"
133,2023-01-01,Hell's Kitchen,Coffee,Our Old Time Diner Blend Rg,1,"2,5","2,5"
134,2023-01-01,Hell's Kitchen,Coffee,Our Old Time Diner Blend Lg,1,3,3
135,2023-01-01,Lower Manhattan,Tea,Earl Grey Lg,2,3,6
136,2023-01-01,Lower Manhattan,Bakery,Ginger Scone,1,"3,25","3,25"
137,2023-01-01,Lower Manhattan,Tea,Morning Sunrise Chai Rg,2,"2,5",5
138,2023-01-01,Lower Manhattan,Bakery,Croissant,1,"3,5","3,5"
139,2023-01-01,Lower Manhattan,Drinking Chocolate,Sustainably Grown Organic Rg,1,"3,75","3,75"
140,2023-01-01,Lower Manhattan,Bakery,Chocolate Croissant,1,"3,75","3,75"
141,2023-01-01,Astoria,Tea,Traditional Blend Chai Rg,2,"2,5",5
142,2023-01-01,Astoria,Coffee,Brazilian Sm,2,"2,2","4,4"
143,2023-01-01,Lower Manhattan,Coffee,Latte,1,"3,75","3,75"
144,2023-01-01,Astoria,Coffee,Columbian Medium Roast Lg,1,3,3
145,2023-01-01,Hell's Kitchen,Tea,Earl Grey Rg,2,"2,5",5
146,2023-01-01,Hell's Kitchen,Tea,Morning Sunrise Chai Rg,1,"2,5","2,5"
147,2023-01-01,Hell's Kitchen,Bakery,Ginger Scone,1,"3,25","3,25"
148,2023-01-01,Astoria,Coffee,Brazilian Rg,2,3,6
149,2023-01-01,Astoria,Coffee,Jamaican Coffee River Lg,2,"3,75","7,5"
150,2023-01-01,Lower Manhattan,Tea,Peppermint Lg,2,3,6
151,2023-01-01,Hell's Kitchen,Coffee,Ethiopia Lg,2,"3,5",7
152,2023-01-01,Lower Manhattan,Tea,Spicy Eye Opener Chai Lg,1,"3,1","3,1"
153,2023-01-01,Astoria,Coffee,Espresso shot,2,3,6
154,2023-01-01,Astoria,Tea,Earl Grey Rg,1,"2,5","2,5"
155,2023-01-01,Astoria,Bakery,Jumbo Savory Scone,1,"3,75","3,75"
156,2023-01-01,Astoria,Drinking Chocolate,Sustainably Grown Organic Rg,2,"3,75","7,5"
157,2023-01-01,Lower Manhattan,Coffee,Columbian Medium Roast Rg,1,"2,5","2,5"
158,2023-01-01,Astoria,Tea,English Breakfast Lg,2,3,6
159,2023-01-01,Astoria,Coffee,Jamaican Coffee River Rg,2,"3,1","6,2"
160,2023-01-01,Astoria,Bakery,Croissant,1,"3,5","3,5"
161,2023-01-01,Hell's Kitchen,Coffee,Jamaican Coffee River Lg,1,"3,75","3,75"
162,2023-01-01,Hell's Kitchen,Tea,Serenity Green Tea Lg,1,3,3
163,2023-01-01,Astoria,Tea,Peppermint Rg,1,"2,5","2,5"
164,2023-01-01,Hell's Kitchen,Coffee,Brazilian Lg,2,"3,5",7
165,2023-01-01,Astoria,Tea,Traditional Blend Chai Rg,2,"2,5",5
166,2023-01-01,Lower Manhattan,Tea,Serenity Green Tea Rg,1,"2,5","2,5"
167,2023-01-01,Hell's Kitchen,Coffee,Our Old Time Diner Blend Lg,1,3,3
168,2023-01-01,Lower Manhattan,Tea,Lemon Grass Lg,1,3,3
169,2023-01-01,Hell's Kitchen,Coffee,Jamaican Coffee River Rg,1,"3,1","3,1"
170,2023-01-01,Astoria,Coffee,Columbian Medium Roast Sm,2,2,4
171,2023-01-01,Hell's Kitchen,Tea,Earl Grey Rg,2,"2,5",5
172,2023-01-01,Lower Manhattan,Coffee,Latte,2,"3,75","7,5"
173,2023-01-01,Hell's Kitchen,Coffee,Jamaican Coffee River Rg,2,"3,1","6,2"
174,2023-01-01,Hell's Kitchen,Tea,Earl Grey Rg,2,"2,5",5
175,2023-01-01,Lower Manhattan,Coffee,Brazilian Sm,2,"2,2","4,4"
176,2023-01-01,Astoria,Tea,English Breakfast Lg,2,3,6
177,2023-01-01,Astoria,Drinking Chocolate,Sustainably Grown Organic Rg,2,"3,75","7,5"
178,2023-01-01,Astoria,Coffee,Our Old Time Diner Blend Lg,1,3,3
179,2023-01-01,Lower Manhattan,Coffee,Cappuccino Lg,2,"4,25","8,5"
180,2023-01-01,Astoria,Tea,Peppermint Rg,2,"2,5",5
181,2023-01-01,Hell's Kitchen,Coffee,Latte,1,"3,75","3,75"
182,2023-01-01,Astoria,Tea,Morning Sunrise Chai Rg,2,"2,5",5
183,2023-01-01,Astoria,Coffee,Columbian Medium Roast Rg,2,"2,5",5
184,2023-01-01,Lower Manhattan,Coffee,Ethiopia Sm,2,"2,2","4,4"
185,2023-01-01,Hell's Kitchen,Drinking Chocolate,Sustainably Grown Organic Rg,1,"3,75","3,75"
186,2023-01-01,Hell's Kitchen,Tea,English Breakfast Lg,2,3,6
187,2023-01-01,Astoria,Tea,Traditional Blend Chai Lg,1,3,3
188,2023-01-01,Hell's Kitchen,Drinking Chocolate,Sustainably Grown Organic Rg,1,"3,75","3,75"
189,2023-01-01,Astoria,Tea,Traditional Blend Chai Lg,1,3,3
190,2023-01-01,Astoria,Tea,Traditional Blend Chai Rg,1,"2,5","2,5"
191,2023-01-01,Astoria,Coffee,Columbian Medium Roast Sm,2,2,4
192,2023-01-01,Astoria,Tea,Spicy Eye Opener Chai Rg,1,"2,55","2,55"
193,2023-01-01,Astoria,Coffee,Our Old Time Diner Blend Rg,1,"2,5","2,5"
194,2023-01-01,Astoria,Coffee,Ethiopia Lg,1,"3,5","3,5"
195,2023-01-01,Astoria,Bakery,Croissant,1,"3,5","3,5"
196,2023-01-01,Astoria,Coffee,Latte,2,"3,75","7,5"
197,2023-01-01,Hell's Kitchen,Coffee,Columbian Medium Roast Lg,1,3,3
198,2023-01-01,Astoria,Drinking Chocolate,Dark chocolate Lg,1,"4,5","4,5"
199,2023-01-01,Astoria,Coffee,Ethiopia Rg,2,3,6
200,2023-01-01,Hell's Kitchen,Tea,Traditional Blend Chai Lg,1,3,3
201,2023-01-01,Lower Manhattan,Drinking Chocolate,Sustainably Grown Organic Lg,1,"4,75","4,75"
202,2023-01-01,Lower Manhattan,Bakery,Ginger Scone,1,"3,25","3,25"
203,2023-01-01,Lower Manhattan,Tea,Spicy Eye Opener Chai Rg,1,"2,55","2,55"
204,2023-01-01,Lower Manhattan,Bakery,Croissant,1,"3,5","3,5"
205,2023-01-01,Hell's Kitchen,Coffee,Columbian Medium Roast Rg,2,"2,5",5
206,2023-01-01,Hell's Kitchen,Coffee,Espresso shot,1,3,3
207,2023-01-01,Astoria,Tea,English Breakfast Lg,1,3,3
208,2023-01-01,Lower Manhattan,Tea,Spicy Eye Opener Chai Lg,1,"3,1","3,1"
209,2023-01-01,Lower Manhattan,Bakery,Croissant,1,"3,5","3,5"
210,2023-01-01,Hell's Kitchen,Tea,Peppermint Lg,1,3,3
211,2023-01-01,Hell's Kitchen,Coffee,Brazilian Rg,2,3,6
212,2023-01-01,Astoria,Drinking Chocolate,Sustainably Grown Organic Lg,1,"4,75","4,75"
213,2023-01-01,Astoria,Tea,Serenity Green Tea Lg,1,3,3
214,2023-01-01,Astoria,Tea,Peppermint Rg,2,"2,5",5
215,2023-01-01,Hell's Kitchen,Coffee,Jamaican Coffee River Lg,1,"3,75","3,75"
216,2023-01-01,Lower Manhattan,Coffee,Columbian Medium Roast Lg,2,3,6
217,2023-01-01,Lower Manhattan,Coffee,Brazilian Sm,2,"2,2","4,4"
218,2023-01-01,Hell's Kitchen,Tea,English Breakfast Lg,1,3,3
219,2023-01-01,Hell's Kitchen,Bakery,"Scottish Cream Scone ",1,"4,5","4,5"
220,2023-01-01,Hell's Kitchen,Coffee,Brazilian Rg,1,3,3
221,2023-01-01,Astoria,Tea,Lemon Grass Lg,2,3,6
222,2023-01-01,Hell's Kitchen,Coffee,Brazilian Sm,2,"2,2","4,4"
223,2023-01-01,Hell's Kitchen,Bakery,Ginger Scone,1,"3,25","3,25"
224,2023-01-01,Hell's Kitchen,Tea,Lemon Grass Rg,2,"2,5",5
225,2023-01-01,Hell's Kitchen,Tea,Morning Sunrise Chai Rg,2,"2,5",5
226,2023-01-01,Astoria,Coffee,Our Old Time Diner Blend Sm,1,2,2
227,2023-01-01,Astoria,Drinking Chocolate,Dark chocolate Rg,1,"3,5","3,5"
228,2023-01-01,Lower Manhattan,Coffee,Our Old Time Diner Blend Lg,2,3,6
229,2023-01-01,Astoria,Coffee,Jamaican Coffee River Rg,1,"3,1","3,1"
230,2023-01-01,Lower Manhattan,Coffee,Columbian Medium Roast Lg,2,3,6
231,2023-01-01,Lower Manhattan,Drinking Chocolate,Sustainably Grown Organic Rg,1,"3,75","3,75"
232,2023-01-01,Hell's Kitchen,Tea,Spicy Eye Opener Chai Rg,1,"2,55","2,55"
233,2023-01-01,Astoria,Tea,Morning Sunrise Chai Lg,2,4,8
234,2023-01-01,Hell's Kitchen,Tea,English Breakfast Lg,2,3,6
235,2023-01-01,Hell's Kitchen,Tea,Morning Sunrise Chai Lg,1,4,4
236,2023-01-01,Hell's Kitchen,Bakery,Croissant,1,"3,5","3,5"
237,2023-01-01,Astoria,Coffee,Our Old Time Diner Blend Rg,1,"2,5","2,5"
238,2023-01-01,Hell's Kitchen,Coffee,Ethiopia Sm,2,"2,2","4,4"
239,2023-01-01,Astoria,Coffee,Jamaican Coffee River Rg,2,"3,1","6,2"
240,2023-01-01,Astoria,Coffee,Latte,2,"3,75","7,5"
241,2023-01-01,Lower Manhattan,Coffee,Our Old Time Diner Blend Rg,1,"2,5","2,5"
242,2023-01-01,Astoria,Tea,Serenity Green Tea Rg,2,"2,5",5
243,2023-01-01,Astoria,Drinking Chocolate,Dark chocolate Rg,2,"3,5",7
244,2023-01-01,Lower Manhattan,Drinking Chocolate,Sustainably Grown Organic Rg,2,"3,75","7,5"
245,2023-01-01,Lower Manhattan,Coffee,Ethiopia Sm,2,"2,2","4,4"
246,2023-01-01,Lower Manhattan,Coffee,Brazilian Sm,2,"2,2","4,4"
247,2023-01-01,Lower Manhattan,Coffee,Ouro Brasileiro shot,1,3,3
248,2023-01-01,Astoria,Coffee,Columbian Medium Roast Sm,2,2,4
249,2023-01-01,Hell's Kitchen,Coffee,Brazilian Lg,1,"3,5","3,5"
250,2023-01-01,Hell's Kitchen,Coffee,Cappuccino,2,"3,75","7,5"
251,2023-01-01,Lower Manhattan,Tea,Earl Grey Lg,1,3,3
252,2023-01-01,Astoria,Tea,Morning Sunrise Chai Rg,2,"2,5",5
253,2023-01-01,Astoria,Tea,Lemon Grass Rg,2,"2,5",5
254,2023-01-01,Astoria,Tea,Lemon Grass Lg,1,3,3
255,2023-01-01,Lower Manhattan,Coffee,Jamaican Coffee River Lg,1,"3,75","3,75"
256,2023-01-01,Lower Manhattan,Tea,Traditional Blend Chai Rg,1,"2,5","2,5"
257,2023-01-01,Lower Manhattan,Bakery,Ginger Scone,1,"3,25","3,25"
258,2023-01-01,Astoria,Tea,Morning Sunrise Chai Rg,2,"2,5",5
259,2023-01-01,Astoria,Bakery,Hazelnut Biscotti,1,"3,25","3,25"
260,2023-01-01,Lower Manhattan,Coffee,Brazilian Sm,2,"2,2","4,4"
261,2023-01-01,Astoria,Tea,Spicy Eye Opener Chai Lg,1,"3,1","3,1"
262,2023-01-01,Hell's Kitchen,Coffee,Cappuccino,1,"3,75","3,75"
263,2023-01-01,Hell's Kitchen,Coffee,Our Old Time Diner Blend Sm,2,2,4
264,2023-01-01,Lower Manhattan,Tea,Traditional Blend Chai Lg,1,3,3
265,2023-01-01,Hell's Kitchen,Tea,Morning Sunrise Chai Rg,2,"2,5",5
266,2023-01-01,Hell's Kitchen,Coffee,Ethiopia Rg,2,3,6
267,2023-01-01,Astoria,Coffee,Latte,2,"3,75","7,5"
268,2023-01-01,Hell's Kitchen,Coffee,Ethiopia Lg,1,"3,5","3,5"
269,2023-01-01,Hell's Kitchen,Coffee,Our Old Time Diner Blend Sm,2,2,4
270,2023-01-01,Lower Manhattan,Tea,Lemon Grass Rg,1,"2,5","2,5"
271,2023-01-01,Hell's Kitchen,Tea,Peppermint Lg,2,3,6
272,2023-01-01,Hell's Kitchen,Tea,English Breakfast Rg,2,"2,5",5
273,2023-01-01,Hell's Kitchen,Tea,Traditional Blend Chai Lg,1,3,3
274,2023-01-01,Lower Manhattan,Coffee,Brazilian Lg,2,"3,5",7
275,2023-01-01,Lower Manhattan,Bakery,Chocolate Croissant,1,"3,75","3,75"
276,2023-01-01,Astoria,Tea,Serenity Green Tea Rg,2,"2,5",5
277,2023-01-01,Lower Manhattan,Coffee,Jamaican Coffee River Sm,1,"2,45","2,45"
278,2023-01-01,Lower Manhattan,Coffee,Latte Rg,2,"4,25","8,5"
279,2023-01-01,Lower Manhattan,Coffee,Brazilian Sm,2,"2,2","4,4"
280,2023-01-01,Lower Manhattan,Bakery,Hazelnut Biscotti,1,"3,25","3,25"
281,2023-01-01,Astoria,Coffee,Ethiopia Rg,1,3,3
282,2023-01-01,Astoria,Coffee,Cappuccino Lg,2,"4,25","8,5"
283,2023-01-01,Astoria,Coffee,Our Old Time Diner Blend Rg,1,"2,5","2,5"
284,2023-01-01,Hell's Kitchen,Coffee,Our Old Time Diner Blend Lg,1,3,3
285,2023-01-01,Hell's Kitchen,Bakery,Chocolate Croissant,1,"3,75","3,75"
286,2023-01-01,Hell's Kitchen,Drinking Chocolate,Sustainably Grown Organic Rg,2,"3,75","7,5"
287,2023-01-01,Lower Manhattan,Tea,Spicy Eye Opener Chai Lg,2,"3,1","6,2"
288,2023-01-01,Lower Manhattan,Coffee,Our Old Time Diner Blend Rg,2,"2,5",5
289,2023-01-01,Astoria,Coffee,Jamaican Coffee River Rg,2,"3,1","6,2"
290,2023-01-01,Astoria,Tea,Lemon Grass Rg,2,"2,5",5
291,2023-01-01,Hell's Kitchen,Tea,English Breakfast Lg,2,3,6
292,2023-01-01,Lower Manhattan,Coffee,Latte Rg,2,"4,25","8,5"
293,2023-01-01,Hell's Kitchen,Tea,Morning Sunrise Chai Lg,1,4,4
294,2023-01-01,Hell's Kitchen,Bakery,Chocolate Croissant,1,"3,75","3,75"
295,2023-01-01,Astoria,Coffee,Cappuccino Lg,2,"4,25","8,5"
296,2023-01-01,Astoria,Bakery,Jumbo Savory Scone,1,"3,75","3,75"
297,2023-01-01,Astoria,Drinking Chocolate,Dark chocolate Rg,2,"3,5",7
298,2023-01-01,Lower Manhattan,Coffee,Our Old Time Diner Blend Lg,2,3,6
299,2023-01-01,Hell's Kitchen,Drinking Chocolate,Sustainably Grown Organic Lg,1,"4,75","4,75"
300,2023-01-01,Lower Manhattan,Tea,Peppermint Lg,2,3,6
301,2023-01-01,Lower Manhattan,Tea,English Breakfast Lg,2,3,6
302,2023-01-01,Lower Manhattan,Bakery,"Scottish Cream Scone ",1,"4,5","4,5"
303,2023-01-01,Hell's Kitchen,Tea,English Breakfast Rg,1,"2,5","2,5"
304,2023-01-01,Lower Manhattan,Tea,Spicy Eye Opener Chai Lg,1,"3,1","3,1"
305,2023-01-01,Lower Manhattan,Tea,Lemon Grass Rg,1,"2,5","2,5"
306,2023-01-01,Hell's Kitchen,Coffee,Columbian Medium Roast Lg,2,3,6
307,2023-01-01,Lower Manhattan,Coffee,Cappuccino Lg,2,"4,25","8,5"
308,2023-01-01,Hell's Kitchen,Coffee,Latte Rg,2,"4,25","8,5"
309,2023-01-01,Astoria,Tea,Morning Sunrise Chai Lg,1,4,4
310,2023-01-01,Astoria,Coffee,Columbian Medium Roast Lg,2,3,6
311,2023-01-01,Lower Manhattan,Tea,Spicy Eye Opener Chai Lg,1,"3,1","3,1"
312,2023-01-01,Lower Manhattan,Tea,Peppermint Rg,1,"2,5","2,5"
313,2023-01-01,Lower Manhattan,Coffee,Ouro Brasileiro shot,1,3,3
314,2023-01-01,Hell's Kitchen,Coffee,Jamaican Coffee River Sm,2,"2,45","4,9"
315,2023-01-01,Lower Manhattan,Drinking Chocolate,Sustainably Grown Organic Lg,2,"4,75","9,5"
316,2023-01-01,Astoria,Tea,Earl Grey Rg,2,"2,5",5
317,2023-01-01,Astoria,Tea,Serenity Green Tea Lg,1,3,3
318,2023-01-01,Hell's Kitchen,Tea,English Breakfast Rg,1,"2,5","2,5"
319,2023-01-01,Hell's Kitchen,Coffee,Our Old Time Diner Blend Lg,1,3,3
320,2023-01-01,Hell's Kitchen,Bakery,Croissant,1,"3,5","3,5"
321,2023-01-01,Hell's Kitchen,Tea,Earl Grey Lg,2,3,6
322,2023-01-01,Lower Manhattan,Tea,Lemon Grass Lg,2,3,6
323,2023-01-01,Astoria,Coffee,Jamaican Coffee River Sm,2,"2,45","4,9"
324,2023-01-01,Hell's Kitchen,Coffee,Columbian Medium Roast Lg,2,3,6
325,2023-01-01,Astoria,Tea,Lemon Grass Lg,1,3,3
326,2023-01-01,Astoria,Coffee,Latte Rg,2,"4,25","8,5"
327,2023-01-01,Hell's Kitchen,Coffee,Latte,1,"3,75","3,75"
328,2023-01-01,Lower Manhattan,Coffee,Brazilian Sm,2,"2,2","4,4"
329,2023-01-01,Astoria,Tea,Lemon Grass Lg,2,3,6
330,2023-01-01,Astoria,Coffee,Our Old Time Diner Blend Sm,1,2,2
331,2023-01-01,Hell's Kitchen,Drinking Chocolate,Sustainably Grown Organic Lg,1,"4,75","4,75"
332,2023-01-01,Lower Manhattan,Coffee,Cappuccino,1,"3,75","3,75"
333,2023-01-01,Lower Manhattan,Bakery,Croissant,1,"3,5","3,5"
334,2023-01-01,Astoria,Coffee,Our Old Time Diner Blend Lg,1,3,3
335,2023-01-01,Astoria,Tea,Traditional Blend Chai Rg,2,"2,5",5
336,2023-01-01,Astoria,Coffee,Brazilian Rg,2,3,6
337,2023-01-01,Lower Manhattan,Coffee,Latte,2,"3,75","7,5"
338,2023-01-01,Astoria,Drinking Chocolate,Sustainably Grown Organic Lg,1,"4,75","4,75"
339,2023-01-01,Astoria,Coffee,Columbian Medium Roast Rg,1,"2,5","2,5"
340,2023-01-01,Hell's Kitchen,Coffee,Columbian Medium Roast Lg,2,3,6
341,2023-01-01,Astoria,Coffee,Latte Rg,2,"4,25","8,5"
342,2023-01-01,Hell's Kitchen,Coffee,Brazilian Rg,1,3,3
343,2023-01-01,Lower Manhattan,Tea,Earl Grey Rg,2,"2,5",5
344,2023-01-01,Astoria,Drinking Chocolate,Dark chocolate Rg,2,"3,5",7
345,2023-01-01,Astoria,Drinking Chocolate,Dark chocolate Rg,1,"3,5","3,5"
346,2023-01-01,Lower Manhattan,Tea,Lemon Grass Lg,1,3,3
347,2023-01-01,Astoria,Tea,Spicy Eye Opener Chai Lg,1,"3,1","3,1"
348,2023-01-01,Astoria,Bakery,Cranberry Scone,1,"3,25","3,25"
349,2023-01-01,Astoria,Tea,Lemon Grass Lg,1,3,3
350,2023-01-01,Astoria,Coffee,Ethiopia Sm,2,"2,2","4,4"
351,2023-01-01,Lower Manhattan,Coffee,Jamaican Coffee River Sm,1,"2,45","2,45"
352,2023-01-01,Hell's Kitchen,Coffee,Columbian Medium Roast Rg,2,"2,5",5
353,2023-01-01,Lower Manhattan,Coffee,Columbian Medium Roast Sm,2,2,4
354,2023-01-01,Lower Manhattan,Bakery,Ginger Biscotti,1,"3,5","3,5"
355,2023-01-01,Astoria,Coffee,Cappuccino Lg,2,"4,25","8,5"
356,2023-01-01,Astoria,Bakery,Chocolate Chip Biscotti,1,"3,5","3,5"
357,2023-01-01,Lower Manhattan,Coffee,Espresso shot,2,3,6
358,2023-01-01,Hell's Kitchen,Tea,Peppermint Rg,1,"2,5","2,5"
359,2023-01-01,Astoria,Coffee,Jamaican Coffee River Lg,1,"3,75","3,75"
360,2023-01-01,Astoria,Tea,Serenity Green Tea Rg,2,"2,5",5
361,2023-01-01,Lower Manhattan,Coffee,Cappuccino,2,"3,75","7,5"
362,2023-01-01,Hell's Kitchen,Coffee,Jamaican Coffee River Rg,2,"3,1","6,2"
363,2023-01-01,Lower Manhattan,Coffee,Latte Rg,2,"4,25","8,5"
364,2023-01-01,Lower Manhattan,Bakery,Hazelnut Biscotti,1,"3,25","3,25"
365,2023-01-01,Lower Manhattan,Coffee,Ethiopia Lg,2,"3,5",7
366,2023-01-01,Hell's Kitchen,Coffee,Our Old Time Diner Blend Lg,1,3,3
367,2023-01-01,Astoria,Coffee,Ethiopia Sm,2,"2,2","4,4"
368,2023-01-01,Hell's Kitchen,Tea,English Breakfast Rg,1,"2,5","2,5"
369,2023-01-01,Hell's Kitchen,Coffee,Latte,1,"3,75","3,75"
370,2023-01-01,Hell's Kitchen,Coffee,Cappuccino Lg,1,"4,25","4,25"
371,2023-01-01,Astoria,Coffee,Jamaican Coffee River Sm,2,"2,45","4,9"
372,2023-01-01,Hell's Kitchen,Tea,Serenity Green Tea Rg,1,"2,5","2,5"
373,2023-01-01,Astoria,Tea,Lemon Grass Rg,2,"2,5",5
374,2023-01-01,Astoria,Coffee,Our Old Time Diner Blend Rg,2,"2,5",5
375,2023-01-01,Astoria,Coffee,Our Old Time Diner Blend Rg,2,"2,5",5
376,2023-01-01,Astoria,Tea,Lemon Grass Rg,2,"2,5",5
377,2023-01-01,Astoria,Tea,Lemon Grass Rg,2,"2,5",5
378,2023-01-01,Hell's Kitchen,Coffee,Ouro Brasileiro shot,1,3,3
379,2023-01-01,Astoria,Coffee,Jamaican Coffee River Sm,2,"2,45","4,9"
380,2023-01-01,Astoria,Coffee,Columbian Medium Roast Rg,2,"2,5",5
381,2023-01-01,Hell's Kitchen,Coffee,Columbian Medium Roast Rg,2,"2,5",5
382,2023-01-01,Astoria,Tea,Spicy Eye Opener Chai Rg,1,"2,55","2,55"
383,2023-01-01,Lower Manhattan,Coffee,Cappuccino,2,"3,75","7,5"
384,2023-01-01,Astoria,Coffee,Jamaican Coffee River Lg,2,"3,75","7,5"
385,2023-01-01,Lower Manhattan,Coffee,Our Old Time Diner Blend Sm,1,2,2
386,2023-01-01,Astoria,Coffee,Our Old Time Diner Blend Sm,1,2,2
387,2023-01-01,Astoria,Tea,Peppermint Rg,1,"2,5","2,5"
388,2023-01-01,Lower Manhattan,Tea,Spicy Eye Opener Chai Rg,1,"2,55","2,55"
389,2023-01-01,Hell's Kitchen,Tea,Traditional Blend Chai Lg,2,3,6
390,2023-01-01,Lower Manhattan,Tea,Lemon Grass Rg,1,"2,5","2,5"
391,2023-01-01,Astoria,Coffee,Brazilian Lg,2,"3,5",7
392,2023-01-01,Astoria,Coffee,Cappuccino,1,"3,75","3,75"
393,2023-01-01,Astoria,Coffee,Jamaican Coffee River Rg,1,"3,1","3,1"
394,2023-01-01,Lower Manhattan,Coffee,Columbian Medium Roast Sm,1,2,2
395,2023-01-01,Astoria,Coffee,Jamaican Coffee River Lg,1,"3,75","3,75"
396,2023-01-01,Hell's Kitchen,Drinking Chocolate,Dark chocolate Rg,1,"3,5","3,5"
397,2023-01-01,Astoria,Coffee,Ethiopia Lg,1,"3,5","3,5"
398,2023-01-01,Lower Manhattan,Tea,Serenity Green Tea Rg,1,"2,5","2,5"
399,2023-01-01,Lower Manhattan,Coffee,Our Old Time Diner Blend Rg,1,"2,5","2,5"
400,2023-01-01,Hell's Kitchen,Tea,Earl Grey Rg,2,"2,5",5
401,2023-01-01,Astoria,Tea,Morning Sunrise Chai Rg,2,"2,5",5
402,2023-01-01,Lower Manhattan,Tea,Peppermint Rg,1,"2,5","2,5"
403,2023-01-01,Lower Manhattan,Bakery,Ginger Scone,1,"3,25","3,25"
404,2023-01-01,Lower Manhattan,Tea,Peppermint Rg,2,"2,5",5
405,2023-01-01,Lower Manhattan,Tea,Traditional Blend Chai Lg,1,3,3
406,2023-01-01,Lower Manhattan,Bakery,Chocolate Croissant,1,"3,75","3,75"
407,2023-01-01,Astoria,Tea,Traditional Blend Chai Rg,1,"2,5","2,5"
408,2023-01-01,Hell's Kitchen,Tea,Lemon Grass Rg,2,"2,5",5
409,2023-01-01,Lower Manhattan,Tea,Earl Grey Rg,1,"2,5","2,5"
410,2023-01-01,Astoria,Coffee,Columbian Medium Roast Sm,1,2,2
411,2023-01-01,Astoria,Drinking Chocolate,Dark chocolate Rg,1,"3,5","3,5"
412,2023-01-01,Astoria,Bakery,Hazelnut Biscotti,1,"3,25","3,25"
413,2023-01-01,Lower Manhattan,Coffee,Jamaican Coffee River Lg,2,"3,75","7,5"
414,2023-01-01,Hell's Kitchen,Tea,Earl Grey Rg,2,"2,5",5
415,2023-01-01,Astoria,Tea,Earl Grey Rg,1,"2,5","2,5"
416,2023-01-01,Astoria,Coffee,Jamaican Coffee River Lg,2,"3,75","7,5"
417,2023-01-01,Hell's Kitchen,Tea,Serenity Green Tea Lg,2,3,6
418,2023-01-01,Astoria,Coffee,Brazilian Lg,1,"3,5","3,5"
419,2023-01-01,Astoria,Drinking Chocolate,Dark chocolate Lg,1,"4,5","4,5"
420,2023-01-01,Hell's Kitchen,Coffee,Jamaican Coffee River Lg,2,"3,75","7,5"
421,2023-01-01,Lower Manhattan,Coffee,Ethiopia Sm,2,"2,2","4,4"
422,2023-01-01,Hell's Kitchen,Coffee,Jamaican Coffee River Rg,1,"3,1","3,1"
423,2023-01-01,Hell's Kitchen,Tea,Morning Sunrise Chai Lg,2,4,8
424,2023-01-01,Hell's Kitchen,Coffee,Ethiopia Sm,1,"2,2","2,2"
425,2023-01-01,Astoria,Coffee,Columbian Medium Roast Rg,1,"2,5","2,5"
426,2023-01-01,Lower Manhattan,Coffee,Jamaican Coffee River Sm,2,"2,45","4,9"
427,2023-01-01,Lower Manhattan,Bakery,Croissant,1,"3,5","3,5"
428,2023-01-01,Hell's Kitchen,Coffee,Latte Rg,2,"4,25","8,5"
429,2023-01-01,Hell's Kitchen,Coffee,Columbian Medium Roast Sm,2,2,4
430,2023-01-01,Hell's Kitchen,Coffee,Ouro Brasileiro shot,2,3,6
431,2023-01-01,Hell's Kitchen,Bakery,"Scottish Cream Scone ",1,"4,5","4,5"
432,2023-01-01,Hell's Kitchen,Tea,Serenity Green Tea Rg,2,"2,5",5
433,2023-01-01,Hell's Kitchen,Bakery,Oatmeal Scone,1,3,3
434,2023-01-01,Astoria,Coffee,Jamaican Coffee River Lg,1,"3,75","3,75"
435,2023-01-01,Lower Manhattan,Tea,English Breakfast Rg,1,"2,5","2,5"
436,2023-01-01,Astoria,Coffee,Cappuccino Lg,1,"4,25","4,25"
437,2023-01-01,Astoria,Drinking Chocolate,Dark chocolate Rg,2,"3,5",7
438,2023-01-01,Hell's Kitchen,Coffee,Jamaican Coffee River Rg,1,"3,1","3,1"
439,2023-01-01,Hell's Kitchen,Bakery,Chocolate Chip Biscotti,1,"3,5","3,5"
440,2023-01-01,Lower Manhattan,Coffee,Espresso shot,1,3,3
441,2023-01-01,Lower Manhattan,Bakery,Cranberry Scone,1,"3,25","3,25"
442,2023-01-01,Astoria,Tea,Serenity Green Tea Rg,1,"2,5","2,5"
443,2023-01-01,Astoria,Bakery,Croissant,1,"3,5","3,5"
444,2023-01-01,Hell's Kitchen,Tea,Morning Sunrise Chai Rg,2,"2,5",5
445,2023-01-01,Astoria,Tea,Serenity Green Tea Lg,1,3,3
446,2023-01-01,Astoria,Bakery,Hazelnut Biscotti,1,"3,25","3,25"
447,2023-01-01,Hell's Kitchen,Tea,Lemon Grass Rg,1,"2,5","2,5"
448,2023-01-01,Astoria,Tea,Morning Sunrise Chai Lg,1,4,4
449,2023-01-01,Astoria,Tea,Morning Sunrise Chai Lg,2,4,8
450,2023-01-01,Astoria,Bakery,Chocolate Croissant,1,"3,75","3,75"
451,2023-01-01,Hell's Kitchen,Tea,Traditional Blend Chai Rg,2,"2,5",5
452,2023-01-01,Astoria,Coffee,Brazilian Lg,2,"3,5",7
453,2023-01-01,Astoria,Bakery,Ginger Biscotti,1,"3,5","3,5"
454,2023-01-01,Hell's Kitchen,Coffee,Jamaican Coffee River Sm,1,"2,45","2,45"
455,2023-01-01,Hell's Kitchen,Coffee,Brazilian Lg,1,"3,5","3,5"
456,2023-01-01,Hell's Kitchen,Coffee,Jamaican Coffee River Lg,2,"3,75","7,5"
457,2023-01-01,Hell's Kitchen,Bakery,Chocolate Chip Biscotti,1,"3,5","3,5"
458,2023-01-01,Hell's Kitchen,Drinking Chocolate,Sustainably Grown Organic Rg,2,"3,75","7,5"
459,2023-01-01,Lower Manhattan,Tea,Peppermint Lg,1,3,3
460,2023-01-01,Hell's Kitchen,Coffee,Latte,2,"3,75","7,5"
461,2023-01-01,Astoria,Drinking Chocolate,Sustainably Grown Organic Rg,2,"3,75","7,5"
462,2023-01-01,Astoria,Tea,Spicy Eye Opener Chai Rg,2,"2,55","5,1"
463,2023-01-01,Hell's Kitchen,Coffee,Columbian Medium Roast Lg,1,3,3
464,2023-01-01,Lower Manhattan,Coffee,Latte Rg,1,"4,25","4,25"
465,2023-01-01,Hell's Kitchen,Tea,Traditional Blend Chai Lg,2,3,6
466,2023-01-01,Hell's Kitchen,Bakery,Chocolate Chip Biscotti,1,"3,5","3,5"
467,2023-01-01,Hell's Kitchen,Tea,Peppermint Lg,2,3,6
468,2023-01-01,Astoria,Tea,Traditional Blend Chai Rg,1,"2,5","2,5"
469,2023-01-01,Lower Manhattan,Tea,English Breakfast Lg,2,3,6
470,2023-01-01,Astoria,Coffee,Columbian Medium Roast Sm,1,2,2
471,2023-01-01,Astoria,Bakery,"Scottish Cream Scone ",1,"4,5","4,5"
472,2023-01-01,Astoria,Coffee,Columbian Medium Roast Sm,1,2,2
473,2023-01-01,Astoria,Coffee,Columbian Medium Roast Lg,2,3,6
474,2023-01-01,Astoria,Bakery,Jumbo Savory Scone,1,"3,75","3,75"
475,2023-01-01,Hell's Kitchen,Coffee,Our Old Time Diner Blend Rg,1,"2,5","2,5"
476,2023-01-01,Astoria,Coffee,Jamaican Coffee River Sm,2,"2,45","4,9"
477,2023-01-01,Astoria,Coffee,Brazilian Sm,2,"2,2","4,4"
478,2023-01-01,Lower Manhattan,Coffee,Our Old Time Diner Blend Rg,2,"2,5",5
479,2023-01-01,Hell's Kitchen,Tea,Spicy Eye Opener Chai Lg,2,"3,1","6,2"
480,2023-01-01,Hell's Kitchen,Coffee,Brazilian Rg,2,3,6
481,2023-01-01,Hell's Kitchen,Coffee,Jamaican Coffee River Lg,2,"3,75","7,5"
482,2023-01-01,Astoria,Drinking Chocolate,Dark chocolate Lg,1,"4,5","4,5"
483,2023-01-01,Lower Manhattan,Tea,Traditional Blend Chai Rg,1,"2,5","2,5"
484,2023-01-01,Lower Manhattan,Bakery,Chocolate Chip Biscotti,1,"3,5","3,5"
485,2023-01-01,Astoria,Tea,Serenity Green Tea Rg,1,"2,5","2,5"
486,2023-01-01,Astoria,Drinking Chocolate,Sustainably Grown Organic Lg,2,"4,75","9,5"
487,2023-01-01,Lower Manhattan,Coffee,Espresso shot,2,3,6
488,2023-01-01,Astoria,Coffee,Ethiopia Rg,1,3,3
489,2023-01-01,Astoria,Bakery,Jumbo Savory Scone,1,"3,75","3,75"
490,2023-01-01,Lower Manhattan,Tea,Traditional Blend Chai Lg,2,3,6
491,2023-01-01,Astoria,Drinking Chocolate,Sustainably Grown Organic Lg,1,"4,75","4,75"
492,2023-01-01,Hell's Kitchen,Tea,Lemon Grass Lg,1,3,3
493,2023-01-01,Lower Manhattan,Tea,Morning Sunrise Chai Rg,2,"2,5",5
494,2023-01-01,Hell's Kitchen,Tea,Peppermint Rg,2,"2,5",5
495,2023-01-01,Astoria,Tea,Morning Sunrise Chai Lg,2,4,8
496,2023-01-01,Astoria,Drinking Chocolate,Sustainably Grown Organic Rg,2,"3,75","7,5"
497,2023-01-01,Astoria,Coffee,Our Old Time Diner Blend Sm,1,2,2
498,2023-01-01,Hell's Kitchen,Tea,Traditional Blend Chai Lg,2,3,6
499,2023-01-01,Astoria,Coffee,Our Old Time Diner Blend Lg,1,3,3
500,2023-01-01,Hell's Kitchen,Tea,English Breakfast Lg,2,3,6
501,2023-01-01,Astoria,Drinking Chocolate,Sustainably Grown Organic Rg,2,"3,75","7,5"
502,2023-01-01,Hell's Kitchen,Tea,Morning Sunrise Chai Rg,1,"2,5","2,5"
503,2023-01-01,Astoria,Tea,Spicy Eye Opener Chai Lg,1,"3,1","3,1"
504,2023-01-01,Astoria,Coffee,Brazilian Sm,1,"2,2","2,2"
505,2023-01-01,Astoria,Coffee,Latte,2,"3,75","7,5"
506,2023-01-01,Astoria,Coffee,Brazilian Lg,1,"3,5","3,5"
507,2023-01-01,Astoria,Coffee,Our Old Time Diner Blend Lg,2,3,6
508,2023-01-01,Astoria,Coffee,Columbian Medium Roast Sm,1,2,2
509,2023-01-01,Hell's Kitchen,Coffee,Our Old Time Diner Blend Sm,2,2,4
510,2023-01-01,Astoria,Drinking Chocolate,Dark chocolate Lg,2,"4,5",9
511,2023-01-01,Astoria,Tea,Spicy Eye Opener Chai Rg,2,"2,55","5,1"
512,2023-01-01,Hell's Kitchen,Tea,Traditional Blend Chai Lg,2,3,6
513,2023-01-01,Hell's Kitchen,Coffee,Latte Rg,2,"4,25","8,5"
514,2023-01-01,Hell's Kitchen,Bakery,Almond Croissant,1,"3,75","3,75"
515,2023-01-01,Astoria,Tea,Lemon Grass Lg,1,3,3
516,2023-01-01,Hell's Kitchen,Coffee,Espresso shot,2,3,6
517,2023-01-01,Hell's Kitchen,Coffee,Latte,1,"3,75","3,75"
518,2023-01-01,Hell's Kitchen,Coffee,Our Old Time Diner Blend Lg,2,3,6
519,2023-01-01,Astoria,Tea,Morning Sunrise Chai Lg,1,4,4
520,2023-01-01,Hell's Kitchen,Coffee,Brazilian Lg,2,"3,5",7
521,2023-01-01,Astoria,Drinking Chocolate,Sustainably Grown Organic Rg,1,"3,75","3,75"
522,2023-01-01,Hell's Kitchen,Coffee,Cappuccino Lg,1,"4,25","4,25"
523,2023-01-01,Astoria,Coffee,Brazilian Lg,2,"3,5",7
524,2023-01-01,Hell's Kitchen,Tea,Morning Sunrise Chai Lg,2,4,8
525,2023-01-01,Astoria,Coffee,Cappuccino,2,"3,75","7,5"
526,2023-01-01,Astoria,Coffee,Ethiopia Rg,2,3,6
527,2023-01-01,Astoria,Tea,Morning Sunrise Chai Lg,1,4,4
528,2023-01-01,Hell's Kitchen,Tea,English Breakfast Lg,1,3,3
529,2023-01-01,Hell's Kitchen,Coffee,Cappuccino,1,"3,75","3,75"
530,2023-01-01,Hell's Kitchen,Tea,Serenity Green Tea Rg,1,"2,5","2,5"
531,2023-01-01,Hell's Kitchen,Bakery,Oatmeal Scone,1,3,3
532,2023-01-01,Astoria,Tea,Peppermint Rg,2,"2,5",5
533,2023-01-01,Astoria,Coffee,Latte,1,"3,75","3,75"
534,2023-01-01,Astoria,Tea,Earl Grey Lg,2,3,6
535,2023-01-01,Hell's Kitchen,Tea,Lemon Grass Lg,1,3,3
536,2023-01-01,Hell's Kitchen,Drinking Chocolate,Sustainably Grown Organic Lg,2,"4,75","9,5"
537,2023-01-01,Astoria,Coffee,Cappuccino,1,"3,75","3,75"
538,2023-01-01,Hell's Kitchen,Coffee,Brazilian Lg,2,"3,5",7
539,2023-01-01,Astoria,Drinking Chocolate,Sustainably Grown Organic Rg,1,"3,75","3,75"
540,2023-01-01,Astoria,Tea,Morning Sunrise Chai Lg,2,4,8
541,2023-01-01,Astoria,Tea,Serenity Green Tea Lg,2,3,6
542,2023-01-01,Astoria,Coffee,Espresso shot,1,3,3
543,2023-01-01,Astoria,Tea,Morning Sunrise Chai Rg,1,"2,5","2,5"
544,2023-01-01,Hell's Kitchen,Drinking Chocolate,Sustainably Grown Organic Lg,1,"4,75","4,75"
545,2023-01-01,Hell's Kitchen,Coffee,Brazilian Rg,1,3,3
546,2023-01-01,Astoria,Coffee,Jamaican Coffee River Lg,1,"3,75","3,75"
547,2023-01-01,Hell's Kitchen,Coffee,Ethiopia Rg,1,3,3
548,2023-01-01,Astoria,Coffee,Jamaican Coffee River Rg,1,"3,1","3,1"
549,2023-01-01,Astoria,Tea,Morning Sunrise Chai Lg,1,4,4
550,2023-01-01,Astoria,Coffee,Latte Rg,1,"4,25","4,25"
551,2023-01-02,Lower Manhattan,Coffee,Ouro Brasileiro shot,1,3,3
552,2023-01-02,Lower Manhattan,Tea,Earl Grey Lg,1,3,3
553,2023-01-02,Lower Manhattan,Coffee,Columbian Medium Roast Sm,2,2,4
554,2023-01-02,Lower Manhattan,Tea,Spicy Eye Opener Chai Lg,1,"3,1","3,1"
555,2023-01-02,Lower Manhattan,Bakery,Cranberry Scone,1,"3,25","3,25"
556,2023-01-02,Lower Manhattan,Drinking Chocolate,Sustainably Grown Organic Lg,2,"4,75","9,5"
557,2023-01-02,Lower Manhattan,Tea,Lemon Grass Rg,1,"2,5","2,5"
558,2023-01-02,Lower Manhattan,Coffee,Our Old Time Diner Blend Lg,1,3,3
559,2023-01-02,Lower Manhattan,Tea,Traditional Blend Chai Lg,1,3,3
560,2023-01-02,Lower Manhattan,Coffee,Cappuccino Lg,1,"4,25","4,25"
561,2023-01-02,Lower Manhattan,Bakery,Croissant,1,"3,5","3,5"
562,2023-01-02,Lower Manhattan,Coffee,Brazilian Lg,2,"3,5",7
563,2023-01-02,Lower Manhattan,Tea,English Breakfast Rg,1,"2,5","2,5"
564,2023-01-02,Lower Manhattan,Bakery,Croissant,1,"3,5","3,5"
565,2023-01-02,Hell's Kitchen,Coffee,Ethiopia Rg,2,3,6
566,2023-01-02,Hell's Kitchen,Coffee,Ethiopia Sm,2,"2,2","4,4"
567,2023-01-02,Hell's Kitchen,Coffee,Brazilian Sm,1,"2,2","2,2"
568,2023-01-02,Lower Manhattan,Drinking Chocolate,Sustainably Grown Organic Lg,1,"4,75","4,75"
569,2023-01-02,Lower Manhattan,Tea,English Breakfast Rg,1,"2,5","2,5"
570,2023-01-02,Lower Manhattan,Drinking Chocolate,Sustainably Grown Organic Lg,1,"4,75","4,75"
571,2023-01-02,Hell's Kitchen,Drinking Chocolate,Sustainably Grown Organic Lg,2,"4,75","9,5"
572,2023-01-02,Hell's Kitchen,Bakery,Ginger Biscotti,1,"3,5","3,5"
573,2023-01-02,Hell's Kitchen,Coffee,Brazilian Lg,1,"3,5","3,5"
574,2023-01-02,Lower Manhattan,Tea,Morning Sunrise Chai Lg,1,4,4
575,2023-01-02,Hell's Kitchen,Coffee,Jamaican Coffee River Lg,1,"3,75","3,75"
576,2023-01-02,Hell's Kitchen,Coffee,Columbian Medium Roast Lg,2,3,6
577,2023-01-02,Hell's Kitchen,Tea,Peppermint Rg,1,"2,5","2,5"
578,2023-01-02,Lower Manhattan,Tea,Peppermint Rg,2,"2,5",5
579,2023-01-02,Hell's Kitchen,Coffee,Latte,2,"3,75","7,5"
580,2023-01-02,Hell's Kitchen,Coffee,Brazilian Rg,1,3,3
581,2023-01-02,Lower Manhattan,Coffee,Brazilian Sm,1,"2,2","2,2"
582,2023-01-02,Lower Manhattan,Coffee,Columbian Medium Roast Sm,2,2,4
583,2023-01-02,Hell's Kitchen,Coffee,Ethiopia Sm,2,"2,2","4,4"
584,2023-01-02,Lower Manhattan,Coffee,Columbian Medium Roast Rg,1,"2,5","2,5"
585,2023-01-02,Hell's Kitchen,Coffee,Jamaican Coffee River Rg,1,"3,1","3,1"
586,2023-01-02,Hell's Kitchen,Coffee,Brazilian Sm,2,"2,2","4,4"
587,2023-01-02,Hell's Kitchen,Tea,English Breakfast Rg,1,"2,5","2,5"
588,2023-01-02,Hell's Kitchen,Coffee,Ethiopia Rg,1,3,3
589,2023-01-02,Lower Manhattan,Coffee,Ethiopia Rg,2,3,6
590,2023-01-02,Lower Manhattan,Coffee,Columbian Medium Roast Sm,1,2,2
591,2023-01-02,Hell's Kitchen,Coffee,Latte Rg,1,"4,25","4,25"
592,2023-01-02,Hell's Kitchen,Tea,Traditional Blend Chai Lg,1,3,3
593,2023-01-02,Lower Manhattan,Coffee,Ethiopia Lg,1,"3,5","3,5"
594,2023-01-02,Lower Manhattan,Coffee,Espresso shot,2,3,6
595,2023-01-02,Hell's Kitchen,Drinking Chocolate,Dark chocolate Lg,1,"4,5","4,5"
596,2023-01-02,Hell's Kitchen,Bakery,Jumbo Savory Scone,1,"3,75","3,75"
597,2023-01-02,Hell's Kitchen,Drinking Chocolate,Sustainably Grown Organic Lg,1,"4,75","4,75"
598,2023-01-02,Hell's Kitchen,Coffee,Jamaican Coffee River Sm,2,"2,45","4,9"
599,2023-01-02,Hell's Kitchen,Bakery,Ginger Scone,1,"3,25","3,25"
600,2023-01-02,Lower Manhattan,Coffee,Ethiopia Sm,2,"2,2","4,4"
601,2023-01-02,Lower Manhattan,Bakery,Croissant,1,"3,5","3,5"
602,2023-01-02,Hell's Kitchen,Tea,Serenity Green Tea Rg,1,"2,5","2,5"
603,2023-01-02,Hell's Kitchen,Tea,Morning Sunrise Chai Lg,1,4,4
604,2023-01-02,Hell's Kitchen,Coffee,Cappuccino,1,"3,75","3,75"
605,2023-01-02,Lower Manhattan,Coffee,Columbian Medium Roast Rg,1,"2,5","2,5"
606,2023-01-02,Hell's Kitchen,Coffee,Columbian Medium Roast Sm,2,2,4
607,2023-01-02,Hell's Kitchen,Coffee,Our Old Time Diner Blend Sm,2,2,4
608,2023-01-02,Hell's Kitchen,Bakery,Cranberry Scone,1,"3,25","3,25"
609,2023-01-02,Hell's Kitchen,Drinking Chocolate,Dark chocolate Lg,2,"4,5",9
610,2023-01-02,Hell's Kitchen,Coffee,Our Old Time Diner Blend Rg,2,"2,5",5
611,2023-01-02,Hell's Kitchen,Coffee,Ouro Brasileiro shot,1,3,3
612,2023-01-02,Hell's Kitchen,Coffee,Ouro Brasileiro shot,2,3,6
613,2023-01-02,Lower Manhattan,Tea,English Breakfast Rg,1,"2,5","2,5"
614,2023-01-02,Lower Manhattan,Coffee,Columbian Medium Roast Lg,1,3,3
615,2023-01-02,Hell's Kitchen,Tea,English Breakfast Rg,2,"2,5",5
616,2023-01-02,Hell's Kitchen,Coffee,Ethiopia Rg,2,3,6
617,2023-01-02,Hell's Kitchen,Coffee,Brazilian Lg,1,"3,5","3,5"
618,2023-01-02,Lower Manhattan,Coffee,Our Old Time Diner Blend Rg,1,"2,5","2,5"
619,2023-01-02,Lower Manhattan,Coffee,Brazilian Rg,1,3,3
620,2023-01-02,Hell's Kitchen,Coffee,Jamaican Coffee River Sm,1,"2,45","2,45"
621,2023-01-02,Hell's Kitchen,Coffee,Cappuccino Lg,2,"4,25","8,5"
622,2023-01-02,Lower Manhattan,Tea,Earl Grey Lg,1,3,3
623,2023-01-02,Lower Manhattan,Coffee,Espresso shot,2,3,6
624,2023-01-02,Hell's Kitchen,Drinking Chocolate,Sustainably Grown Organic Lg,1,"4,75","4,75"
625,2023-01-02,Hell's Kitchen,Coffee,Columbian Medium Roast Lg,1,3,3
626,2023-01-02,Hell's Kitchen,Bakery,Chocolate Chip Biscotti,1,"3,5","3,5"
627,2023-01-02,Lower Manhattan,Drinking Chocolate,Dark chocolate Rg,1,"3,5","3,5"
628,2023-01-02,Lower Manhattan,Tea,Morning Sunrise Chai Lg,1,4,4
629,2023-01-02,Lower Manhattan,Coffee,Brazilian Rg,1,3,3
630,2023-01-02,Hell's Kitchen,Tea,Lemon Grass Lg,1,3,3
631,2023-01-02,Hell's Kitchen,Tea,Spicy Eye Opener Chai Rg,2,"2,55","5,1"
632,2023-01-02,Lower Manhattan,Coffee,Brazilian Rg,2,3,6
633,2023-01-02,Lower Manhattan,Bakery,Jumbo Savory Scone,1,"3,75","3,75"
634,2023-01-02,Lower Manhattan,Coffee,Columbian Medium Roast Sm,1,2,2
635,2023-01-02,Hell's Kitchen,Drinking Chocolate,Sustainably Grown Organic Lg,1,"4,75","4,75"
636,2023-01-02,Hell's Kitchen,Tea,Lemon Grass Rg,2,"2,5",5
637,2023-01-02,Lower Manhattan,Coffee,Our Old Time Diner Blend Rg,1,"2,5","2,5"
638,2023-01-02,Lower Manhattan,Coffee,Our Old Time Diner Blend Rg,1,"2,5","2,5"
639,2023-01-02,Lower Manhattan,Coffee,Brazilian Sm,1,"2,2","2,2"
640,2023-01-02,Hell's Kitchen,Tea,Lemon Grass Rg,1,"2,5","2,5"
641,2023-01-02,Hell's Kitchen,Tea,Peppermint Rg,2,"2,5",5
642,2023-01-02,Hell's Kitchen,Tea,Earl Grey Rg,2,"2,5",5
643,2023-01-02,Lower Manhattan,Tea,Earl Grey Lg,1,3,3
644,2023-01-02,Hell's Kitchen,Tea,Earl Grey Lg,2,3,6
645,2023-01-02,Lower Manhattan,Tea,Traditional Blend Chai Lg,1,3,3
646,2023-01-02,Hell's Kitchen,Coffee,Ethiopia Rg,1,3,3
647,2023-01-02,Hell's Kitchen,Tea,Morning Sunrise Chai Lg,1,4,4
648,2023-01-02,Hell's Kitchen,Tea,English Breakfast Rg,1,"2,5","2,5"
649,2023-01-02,Hell's Kitchen,Coffee,Ethiopia Rg,1,3,3
650,2023-01-02,Lower Manhattan,Tea,English Breakfast Rg,2,"2,5",5
651,2023-01-02,Astoria,Coffee,Brazilian Lg,1,"3,5","3,5"
652,2023-01-02,Astoria,Bakery,Cranberry Scone,1,"3,25","3,25"
653,2023-01-02,Astoria,Coffee,Brazilian Rg,1,3,3
654,2023-01-02,Astoria,Bakery,Oatmeal Scone,1,3,3
655,2023-01-02,Lower Manhattan,Coffee,Brazilian Sm,1,"2,2","2,2"
656,2023-01-02,Hell's Kitchen,Coffee,Columbian Medium Roast Rg,2,"2,5",5
657,2023-01-02,Astoria,Coffee,Brazilian Rg,2,3,6
658,2023-01-02,Hell's Kitchen,Coffee,Cappuccino Lg,1,"4,25","4,25"
659,2023-01-02,Lower Manhattan,Tea,Serenity Green Tea Rg,1,"2,5","2,5"
660,2023-01-02,Astoria,Coffee,Our Old Time Diner Blend Sm,2,2,4
661,2023-01-02,Hell's Kitchen,Tea,Earl Grey Rg,1,"2,5","2,5"
662,2023-01-02,Astoria,Coffee,Ethiopia Rg,2,3,6
663,2023-01-02,Astoria,Coffee,Cappuccino,1,"3,75","3,75"
664,2023-01-02,Astoria,Coffee,Columbian Medium Roast Lg,1,3,3
665,2023-01-02,Astoria,Tea,Lemon Grass Rg,1,"2,5","2,5"
666,2023-01-02,Astoria,Coffee,Ethiopia Sm,2,"2,2","4,4"
667,2023-01-02,Astoria,Bakery,Croissant,1,"3,5","3,5"
668,2023-01-02,Astoria,Coffee,Jamaican Coffee River Lg,2,"3,75","7,5"
669,2023-01-02,Astoria,Tea,Traditional Blend Chai Rg,2,"2,5",5
670,2023-01-02,Astoria,Coffee,Columbian Medium Roast Lg,2,3,6
671,2023-01-02,Hell's Kitchen,Coffee,Jamaican Coffee River Rg,1,"3,1","3,1"
672,2023-01-02,Astoria,Coffee,Columbian Medium Roast Rg,2,"2,5",5
673,2023-01-02,Astoria,Coffee,Latte,2,"3,75","7,5"
674,2023-01-02,Astoria,Tea,Traditional Blend Chai Lg,1,3,3
675,2023-01-02,Lower Manhattan,Tea,Morning Sunrise Chai Rg,2,"2,5",5
676,2023-01-02,Lower Manhattan,Tea,English Breakfast Rg,2,"2,5",5
677,2023-01-02,Hell's Kitchen,Tea,Serenity Green Tea Lg,2,3,6
678,2023-01-02,Hell's Kitchen,Tea,Lemon Grass Lg,1,3,3
679,2023-01-02,Astoria,Tea,English Breakfast Lg,1,3,3
680,2023-01-02,Astoria,Bakery,Jumbo Savory Scone,1,"3,75","3,75"
681,2023-01-02,Astoria,Coffee,Brazilian Sm,2,"2,2","4,4"
682,2023-01-02,Astoria,Bakery,Hazelnut Biscotti,1,"3,25","3,25"
683,2023-01-02,Lower Manhattan,Drinking Chocolate,Dark chocolate Rg,2,"3,5",7
684,2023-01-02,Astoria,Coffee,Our Old Time Diner Blend Lg,2,3,6
685,2023-01-02,Lower Manhattan,Tea,Lemon Grass Rg,2,"2,5",5
686,2023-01-02,Lower Manhattan,Bakery,Ginger Biscotti,1,"3,5","3,5"
687,2023-01-02,Hell's Kitchen,Tea,Peppermint Lg,2,3,6
688,2023-01-02,Lower Manhattan,Tea,English Breakfast Rg,1,"2,5","2,5"
689,2023-01-02,Hell's Kitchen,Tea,Peppermint Lg,2,3,6
690,2023-01-02,Hell's Kitchen,Bakery,Ginger Scone,1,"3,25","3,25"
691,2023-01-02,Astoria,Coffee,Brazilian Rg,2,3,6
692,2023-01-02,Lower Manhattan,Tea,Peppermint Rg,1,"2,5","2,5"
693,2023-01-02,Hell's Kitchen,Coffee,Ethiopia Lg,1,"3,5","3,5"
694,2023-01-02,Hell's Kitchen,Coffee,Ethiopia Lg,1,"3,5","3,5"
695,2023-01-02,Hell's Kitchen,Tea,English Breakfast Rg,2,"2,5",5
696,2023-01-02,Hell's Kitchen,Drinking Chocolate,Dark chocolate Lg,2,"4,5",9
697,2023-01-02,Lower Manhattan,Tea,Lemon Grass Lg,2,3,6
698,2023-01-02,Astoria,Coffee,Brazilian Rg,1,3,3
699,2023-01-02,Astoria,Tea,Traditional Blend Chai Lg,1,3,3
700,2023-01-02,Hell's Kitchen,Coffee,Columbian Medium Roast Sm,1,2,2
701,2023-01-02,Hell's Kitchen,Coffee,Espresso shot,1,3,3
702,2023-01-02,Hell's Kitchen,Bakery,"Scottish Cream Scone ",1,"4,5","4,5"
703,2023-01-02,Hell's Kitchen,Coffee,Jamaican Coffee River Rg,2,"3,1","6,2"
704,2023-01-02,Hell's Kitchen,Bakery,Chocolate Croissant,1,"3,75","3,75"
705,2023-01-02,Astoria,Tea,Traditional Blend Chai Lg,1,3,3
706,2023-01-02,Astoria,Coffee,Our Old Time Diner Blend Rg,1,"2,5","2,5"
707,2023-01-02,Astoria,Coffee,Ethiopia Rg,1,3,3
708,2023-01-02,Astoria,Coffee,Our Old Time Diner Blend Lg,2,3,6
709,2023-01-02,Astoria,Tea,Lemon Grass Rg,1,"2,5","2,5"
710,2023-01-02,Hell's Kitchen,Tea,Morning Sunrise Chai Rg,1,"2,5","2,5"
711,2023-01-02,Astoria,Tea,Morning Sunrise Chai Lg,1,4,4
712,2023-01-02,Astoria,Coffee,Brazilian Sm,2,"2,2","4,4"
713,2023-01-02,Astoria,Bakery,Jumbo Savory Scone,1,"3,75","3,75"
714,2023-01-02,Lower Manhattan,Tea,Serenity Green Tea Lg,1,3,3
715,2023-01-02,Lower Manhattan,Bakery,Chocolate Croissant,1,"3,75","3,75"
716,2023-01-02,Hell's Kitchen,Tea,English Breakfast Rg,1,"2,5","2,5"
717,2023-01-02,Astoria,Tea,English Breakfast Lg,1,3,3
718,2023-01-02,Astoria,Tea,Traditional Blend Chai Lg,2,3,6
719,2023-01-02,Astoria,Coffee,Our Old Time Diner Blend Sm,1,2,2
720,2023-01-02,Lower Manhattan,Tea,Morning Sunrise Chai Lg,1,4,4
721,2023-01-02,Lower Manhattan,Bakery,Jumbo Savory Scone,1,"3,75","3,75"
722,2023-01-02,Lower Manhattan,Coffee,Our Old Time Diner Blend Sm,1,2,2
723,2023-01-02,Astoria,Tea,Lemon Grass Lg,1,3,3
724,2023-01-02,Astoria,Bakery,"Scottish Cream Scone ",1,"4,5","4,5"
725,2023-01-02,Lower Manhattan,Coffee,Ethiopia Lg,2,"3,5",7
726,2023-01-02,Lower Manhattan,Bakery,Hazelnut Biscotti,1,"3,25","3,25"
727,2023-01-02,Astoria,Coffee,Our Old Time Diner Blend Lg,1,3,3
728,2023-01-02,Lower Manhattan,Tea,Spicy Eye Opener Chai Rg,2,"2,55","5,1"
729,2023-01-02,Lower Manhattan,Coffee,Brazilian Sm,2,"2,2","4,4"
730,2023-01-02,Lower Manhattan,Bakery,"Scottish Cream Scone ",1,"4,5","4,5"
731,2023-01-02,Hell's Kitchen,Coffee,Columbian Medium Roast Sm,1,2,2
732,2023-01-02,Hell's Kitchen,Drinking Chocolate,Sustainably Grown Organic Rg,1,"3,75","3,75"
733,2023-01-02,Astoria,Tea,Earl Grey Lg,2,3,6
734,2023-01-02,Astoria,Drinking Chocolate,Sustainably Grown Organic Rg,1,"3,75","3,75"
735,2023-01-02,Astoria,Coffee,Our Old Time Diner Blend Lg,1,3,3
736,2023-01-02,Astoria,Tea,Earl Grey Rg,2,"2,5",5
737,2023-01-02,Hell's Kitchen,Tea,Spicy Eye Opener Chai Lg,1,"3,1","3,1"
738,2023-01-02,Astoria,Coffee,Ethiopia Rg,2,3,6
739,2023-01-02,Astoria,Coffee,Our Old Time Diner Blend Lg,1,3,3
740,2023-01-02,Hell's Kitchen,Tea,Lemon Grass Lg,1,3,3
741,2023-01-02,Lower Manhattan,Coffee,Brazilian Sm,1,"2,2","2,2"
742,2023-01-02,Hell's Kitchen,Coffee,Ouro Brasileiro shot,2,3,6
743,2023-01-02,Astoria,Tea,Spicy Eye Opener Chai Rg,1,"2,55","2,55"
744,2023-01-02,Lower Manhattan,Coffee,Ouro Brasileiro shot,2,3,6
745,2023-01-02,Hell's Kitchen,Coffee,Ouro Brasileiro shot,1,3,3
746,2023-01-02,Lower Manhattan,Tea,Traditional Blend Chai Rg,1,"2,5","2,5"
747,2023-01-02,Hell's Kitchen,Drinking Chocolate,Sustainably Grown Organic Rg,1,"3,75","3,75"
748,2023-01-02,Lower Manhattan,Coffee,Brazilian Rg,1,3,3
749,2023-01-02,Astoria,Tea,Serenity Green Tea Rg,2,"2,5",5
750,2023-01-02,Astoria,Tea,Serenity Green Tea Rg,2,"2,5",5
751,2023-01-02,Hell's Kitchen,Coffee,Our Old Time Diner Blend Sm,2,2,4
752,2023-01-02,Lower Manhattan,Drinking Chocolate,Dark chocolate Rg,1,"3,5","3,5"
753,2023-01-02,Lower Manhattan,Bakery,Oatmeal Scone,1,3,3
754,2023-01-02,Lower Manhattan,Tea,Traditional Blend Chai Rg,2,"2,5",5
755,2023-01-02,Astoria,Tea,Traditional Blend Chai Rg,1,"2,5","2,5"
756,2023-01-02,Hell's Kitchen,Coffee,Columbian Medium Roast Lg,2,3,6
757,2023-01-02,Astoria,Tea,Traditional Blend Chai Lg,2,3,6
758,2023-01-02,Hell's Kitchen,Coffee,Brazilian Rg,2,3,6
759,2023-01-02,Hell's Kitchen,Coffee,Jamaican Coffee River Rg,1,"3,1","3,1"
760,2023-01-02,Hell's Kitchen,Tea,Serenity Green Tea Lg,1,3,3
761,2023-01-02,Astoria,Coffee,Our Old Time Diner Blend Lg,2,3,6
762,2023-01-02,Astoria,Coffee,Brazilian Lg,2,"3,5",7
763,2023-01-02,Hell's Kitchen,Coffee,Cappuccino,2,"3,75","7,5"
764,2023-01-02,Hell's Kitchen,Bakery,Chocolate Chip Biscotti,1,"3,5","3,5"
765,2023-01-02,Lower Manhattan,Coffee,Our Old Time Diner Blend Sm,2,2,4
766,2023-01-02,Astoria,Coffee,Columbian Medium Roast Sm,2,2,4
767,2023-01-02,Hell's Kitchen,Tea,English Breakfast Lg,1,3,3
768,2023-01-02,Astoria,Coffee,Brazilian Lg,2,"3,5",7
769,2023-01-02,Astoria,Drinking Chocolate,Sustainably Grown Organic Lg,1,"4,75","4,75"
770,2023-01-02,Lower Manhattan,Tea,Earl Grey Lg,1,3,3
771,2023-01-02,Lower Manhattan,Bakery,Cranberry Scone,1,"3,25","3,25"
772,2023-01-02,Hell's Kitchen,Coffee,Ethiopia Lg,1,"3,5","3,5"
773,2023-01-02,Hell's Kitchen,Bakery,"Scottish Cream Scone ",1,"4,5","4,5"
774,2023-01-02,Hell's Kitchen,Tea,Lemon Grass Lg,2,3,6
775,2023-01-02,Lower Manhattan,Coffee,Ethiopia Sm,2,"2,2","4,4"
776,2023-01-02,Lower Manhattan,Coffee,Our Old Time Diner Blend Lg,1,3,3
777,2023-01-02,Astoria,Tea,Serenity Green Tea Rg,2,"2,5",5
778,2023-01-02,Hell's Kitchen,Tea,Earl Grey Rg,2,"2,5",5
779,2023-01-02,Astoria,Coffee,Latte Rg,2,"4,25","8,5"
780,2023-01-02,Astoria,Tea,Peppermint Rg,1,"2,5","2,5"
781,2023-01-02,Astoria,Coffee,Ethiopia Sm,2,"2,2","4,4"
782,2023-01-02,Hell's Kitchen,Tea,Spicy Eye Opener Chai Lg,1,"3,1","3,1"
783,2023-01-02,Astoria,Tea,Serenity Green Tea Lg,1,3,3
784,2023-01-02,Hell's Kitchen,Tea,Peppermint Rg,2,"2,5",5
785,2023-01-02,Astoria,Coffee,Latte,1,"3,75","3,75"
786,2023-01-02,Astoria,Tea,Spicy Eye Opener Chai Rg,1,"2,55","2,55"
787,2023-01-02,Astoria,Coffee,Brazilian Lg,2,"3,5",7
788,2023-01-02,Astoria,Bakery,Chocolate Chip Biscotti,1,"3,5","3,5"
789,2023-01-02,Hell's Kitchen,Tea,Earl Grey Rg,1,"2,5","2,5"
790,2023-01-02,Astoria,Coffee,Columbian Medium Roast Lg,1,3,3
791,2023-01-02,Astoria,Coffee,Latte Rg,2,"4,25","8,5"
792,2023-01-02,Hell's Kitchen,Coffee,Ethiopia Sm,1,"2,2","2,2"
793,2023-01-02,Hell's Kitchen,Coffee,Our Old Time Diner Blend Rg,1,"2,5","2,5"
794,2023-01-02,Lower Manhattan,Coffee,Ethiopia Rg,2,3,6
795,2023-01-02,Hell's Kitchen,Coffee,Columbian Medium Roast Lg,2,3,6
796,2023-01-02,Astoria,Coffee,Our Old Time Diner Blend Rg,2,"2,5",5
797,2023-01-02,Astoria,Coffee,Latte Rg,1,"4,25","4,25"
798,2023-01-02,Hell's Kitchen,Tea,Serenity Green Tea Lg,2,3,6
799,2023-01-02,Lower Manhattan,Tea,English Breakfast Rg,1,"2,5","2,5"
800,2023-01-02,Lower Manhattan,Bakery,Jumbo Savory Scone,1,"3,75","3,75"
801,2023-01-02,Hell's Kitchen,Coffee,Jamaican Coffee River Lg,1,"3,75","3,75"
802,2023-01-02,Astoria,Coffee,Columbian Medium Roast Sm,1,2,2
803,2023-01-02,Hell's Kitchen,Drinking Chocolate,Dark chocolate Lg,2,"4,5",9
804,2023-01-02,Hell's Kitchen,Coffee,Brazilian Rg,2,3,6
805,2023-01-02,Hell's Kitchen,Bakery,Almond Croissant,1,"3,75","3,75"
806,2023-01-02,Astoria,Drinking Chocolate,Sustainably Grown Organic Rg,1,"3,75","3,75"
807,2023-01-02,Astoria,Bakery,Cranberry Scone,1,"3,25","3,25"
808,2023-01-02,Astoria,Tea,Morning Sunrise Chai Rg,2,"2,5",5
809,2023-01-02,Hell's Kitchen,Coffee,Brazilian Rg,1,3,3
810,2023-01-02,Hell's Kitchen,Bakery,Jumbo Savory Scone,1,"3,75","3,75"
811,2023-01-02,Hell's Kitchen,Coffee,Our Old Time Diner Blend Rg,1,"2,5","2,5"
812,2023-01-02,Hell's Kitchen,Bakery,Chocolate Croissant,1,"3,75","3,75"
813,2023-01-02,Lower Manhattan,Coffee,Latte Rg,1,"4,25","4,25"
814,2023-01-02,Hell's Kitchen,Coffee,Latte,2,"3,75","7,5"
815,2023-01-02,Astoria,Coffee,Jamaican Coffee River Lg,2,"3,75","7,5"
816,2023-01-02,Astoria,Coffee,Latte Rg,1,"4,25","4,25"
817,2023-01-02,Hell's Kitchen,Tea,Serenity Green Tea Rg,1,"2,5","2,5"
818,2023-01-02,Hell's Kitchen,Coffee,Brazilian Sm,2,"2,2","4,4"
819,2023-01-02,Astoria,Coffee,Our Old Time Diner Blend Sm,2,2,4
820,2023-01-02,Astoria,Drinking Chocolate,Dark chocolate Lg,1,"4,5","4,5"
821,2023-01-02,Lower Manhattan,Tea,Spicy Eye Opener Chai Rg,1,"2,55","2,55"
822,2023-01-02,Lower Manhattan,Bakery,Croissant,1,"3,5","3,5"
823,2023-01-02,Astoria,Coffee,Espresso shot,1,3,3
824,2023-01-02,Lower Manhattan,Drinking Chocolate,Sustainably Grown Organic Rg,2,"3,75","7,5"
825,2023-01-02,Astoria,Coffee,Cappuccino,1,"3,75","3,75"
826,2023-01-02,Lower Manhattan,Coffee,Columbian Medium Roast Sm,1,2,2
827,2023-01-02,Hell's Kitchen,Tea,Serenity Green Tea Rg,1,"2,5","2,5"
828,2023-01-02,Lower Manhattan,Tea,Earl Grey Lg,2,3,6
829,2023-01-02,Astoria,Tea,Morning Sunrise Chai Rg,2,"2,5",5
830,2023-01-02,Astoria,Bakery,Ginger Scone,1,"3,25","3,25"
831,2023-01-02,Hell's Kitchen,Tea,Morning Sunrise Chai Lg,1,4,4
832,2023-01-02,Lower Manhattan,Coffee,Brazilian Sm,2,"2,2","4,4"
833,2023-01-02,Astoria,Drinking Chocolate,Dark chocolate Rg,2,"3,5",7
834,2023-01-02,Astoria,Coffee,Our Old Time Diner Blend Rg,1,"2,5","2,5"
835,2023-01-02,Astoria,Drinking Chocolate,Sustainably Grown Organic Lg,2,"4,75","9,5"
836,2023-01-02,Astoria,Bakery,Croissant,1,"3,5","3,5"
837,2023-01-02,Astoria,Tea,English Breakfast Lg,1,3,3
838,2023-01-02,Hell's Kitchen,Coffee,Cappuccino Lg,2,"4,25","8,5"
839,2023-01-02,Astoria,Coffee,Columbian Medium Roast Lg,1,3,3
840,2023-01-02,Hell's Kitchen,Coffee,Ethiopia Sm,1,"2,2","2,2"
841,2023-01-02,Hell's Kitchen,Coffee,Jamaican Coffee River Lg,1,"3,75","3,75"
842,2023-01-02,Astoria,Tea,Lemon Grass Lg,2,3,6
843,2023-01-02,Astoria,Bakery,Chocolate Croissant,1,"3,75","3,75"
844,2023-01-02,Astoria,Coffee,Our Old Time Diner Blend Sm,1,2,2
845,2023-01-02,Lower Manhattan,Coffee,Espresso shot,2,3,6
846,2023-01-02,Astoria,Tea,English Breakfast Rg,1,"2,5","2,5"
847,2023-01-02,Lower Manhattan,Coffee,Ouro Brasileiro shot,2,3,6
848,2023-01-02,Hell's Kitchen,Tea,Traditional Blend Chai Rg,2,"2,5",5
849,2023-01-02,Hell's Kitchen,Coffee,Our Old Time Diner Blend Lg,1,3,3
850,2023-01-02,Astoria,Coffee,Cappuccino,2,"3,75","7,5"
851,2023-01-02,Astoria,Tea,Serenity Green Tea Lg,1,3,3
852,2023-01-02,Astoria,Bakery,Ginger Scone,1,"3,25","3,25"
853,2023-01-02,Lower Manhattan,Tea,Traditional Blend Chai Rg,2,"2,5",5
854,2023-01-02,Hell's Kitchen,Coffee,Our Old Time Diner Blend Rg,2,"2,5",5
855,2023-01-02,Lower Manhattan,Coffee,Brazilian Lg,2,"3,5",7
856,2023-01-02,Lower Manhattan,Coffee,Cappuccino Lg,1,"4,25","4,25"
857,2023-01-02,Hell's Kitchen,Coffee,Ethiopia Rg,1,3,3
858,2023-01-02,Astoria,Coffee,Jamaican Coffee River Lg,1,"3,75","3,75"
859,2023-01-02,Lower Manhattan,Tea,Serenity Green Tea Rg,1,"2,5","2,5"
860,2023-01-02,Lower Manhattan,Bakery,Chocolate Chip Biscotti,1,"3,5","3,5"
861,2023-01-02,Astoria,Coffee,Espresso shot,2,3,6
862,2023-01-02,Lower Manhattan,Coffee,Ouro Brasileiro shot,1,3,3
863,2023-01-02,Lower Manhattan,Tea,Traditional Blend Chai Rg,2,"2,5",5
864,2023-01-02,Hell's Kitchen,Coffee,Jamaican Coffee River Lg,2,"3,75","7,5"
865,2023-01-02,Hell's Kitchen,Coffee,Ouro Brasileiro shot,2,3,6
866,2023-01-02,Hell's Kitchen,Tea,Serenity Green Tea Rg,2,"2,5",5
867,2023-01-02,Hell's Kitchen,Coffee,Columbian Medium Roast Lg,1,3,3
868,2023-01-02,Astoria,Coffee,Brazilian Rg,2,3,6
869,2023-01-02,Astoria,Bakery,Almond Croissant,1,"3,75","3,75"
870,2023-01-02,Astoria,Coffee,Our Old Time Diner Blend Rg,2,"2,5",5
871,2023-01-02,Astoria,Coffee,Brazilian Lg,1,"3,5","3,5"
872,2023-01-02,Astoria,Bakery,Jumbo Savory Scone,1,"3,75","3,75"
873,2023-01-02,Lower Manhattan,Coffee,Ethiopia Sm,2,"2,2","4,4"
874,2023-01-02,Hell's Kitchen,Tea,Peppermint Rg,1,"2,5","2,5"
875,2023-01-02,Astoria,Tea,Traditional Blend Chai Rg,1,"2,5","2,5"
876,2023-01-02,Astoria,Coffee,Cappuccino,1,"3,75","3,75"
877,2023-01-02,Astoria,Bakery,Oatmeal Scone,1,3,3
878,2023-01-02,Lower Manhattan,Drinking Chocolate,Dark chocolate Lg,1,"4,5","4,5"
879,2023-01-02,Astoria,Tea,Traditional Blend Chai Lg,1,3,3
880,2023-01-02,Astoria,Tea,Serenity Green Tea Lg,2,3,6
881,2023-01-02,Hell's Kitchen,Coffee,Columbian Medium Roast Sm,2,2,4
882,2023-01-02,Hell's Kitchen,Tea,Peppermint Lg,2,3,6
883,2023-01-02,Astoria,Drinking Chocolate,Sustainably Grown Organic Rg,1,"3,75","3,75"
884,2023-01-02,Lower Manhattan,Tea,English Breakfast Rg,2,"2,5",5
885,2023-01-02,Astoria,Tea,Earl Grey Rg,1,"2,5","2,5"
886,2023-01-02,Lower Manhattan,Tea,Lemon Grass Rg,2,"2,5",5
887,2023-01-02,Lower Manhattan,Bakery,Hazelnut Biscotti,1,"3,25","3,25"
888,2023-01-02,Astoria,Drinking Chocolate,Dark chocolate Rg,1,"3,5","3,5"
889,2023-01-02,Astoria,Coffee,Cappuccino Lg,1,"4,25","4,25"
890,2023-01-02,Lower Manhattan,Coffee,Ouro Brasileiro shot,2,3,6
891,2023-01-02,Lower Manhattan,Tea,Peppermint Rg,2,"2,5",5
892,2023-01-02,Hell's Kitchen,Coffee,Cappuccino,1,"3,75","3,75"
893,2023-01-02,Hell's Kitchen,Tea,Peppermint Lg,2,3,6
894,2023-01-02,Lower Manhattan,Coffee,Jamaican Coffee River Sm,2,"2,45","4,9"
895,2023-01-02,Hell's Kitchen,Tea,Traditional Blend Chai Lg,1,3,3
896,2023-01-02,Hell's Kitchen,Bakery,Hazelnut Biscotti,1,"3,25","3,25"
897,2023-01-02,Lower Manhattan,Drinking Chocolate,Sustainably Grown Organic Rg,2,"3,75","7,5"
898,2023-01-02,Lower Manhattan,Bakery,Cranberry Scone,1,"3,25","3,25"
899,2023-01-02,Hell's Kitchen,Tea,Serenity Green Tea Rg,2,"2,5",5
900,2023-01-02,Astoria,Coffee,Our Old Time Diner Blend Rg,2,"2,5",5
901,2023-01-02,Hell's Kitchen,Coffee,Ethiopia Lg,2,"3,5",7
902,2023-01-02,Hell's Kitchen,Bakery,Hazelnut Biscotti,1,"3,25","3,25"
903,2023-01-02,Lower Manhattan,Tea,Serenity Green Tea Lg,2,3,6
904,2023-01-02,Hell's Kitchen,Tea,Traditional Blend Chai Rg,1,"2,5","2,5"
905,2023-01-02,Hell's Kitchen,Bakery,Hazelnut Biscotti,1,"3,25","3,25"
906,2023-01-02,Lower Manhattan,Tea,Serenity Green Tea Lg,2,3,6
907,2023-01-02,Lower Manhattan,Bakery,Ginger Biscotti,1,"3,5","3,5"
908,2023-01-02,Hell's Kitchen,Coffee,Our Old Time Diner Blend Rg,1,"2,5","2,5"
909,2023-01-02,Astoria,Tea,Peppermint Rg,2,"2,5",5
910,2023-01-02,Lower Manhattan,Tea,Serenity Green Tea Rg,1,"2,5","2,5"
911,2023-01-02,Lower Manhattan,Bakery,Almond Croissant,1,"3,75","3,75"
912,2023-01-02,Lower Manhattan,Tea,Lemon Grass Rg,1,"2,5","2,5"
913,2023-01-02,Lower Manhattan,Bakery,"Scottish Cream Scone ",1,"4,5","4,5"
914,2023-01-02,Astoria,Tea,Morning Sunrise Chai Rg,2,"2,5",5
915,2023-01-02,Astoria,Bakery,Jumbo Savory Scone,1,"3,75","3,75"
916,2023-01-02,Lower Manhattan,Tea,Serenity Green Tea Lg,2,3,6
917,2023-01-02,Hell's Kitchen,Tea,Serenity Green Tea Rg,2,"2,5",5
918,2023-01-02,Lower Manhattan,Coffee,Jamaican Coffee River Sm,1,"2,45","2,45"
919,2023-01-02,Lower Manhattan,Coffee,Latte,2,"3,75","7,5"
920,2023-01-02,Lower Manhattan,Coffee,Jamaican Coffee River Sm,2,"2,45","4,9"
921,2023-01-02,Hell's Kitchen,Tea,Spicy Eye Opener Chai Rg,1,"2,55","2,55"
922,2023-01-02,Hell's Kitchen,Coffee,Columbian Medium Roast Sm,2,2,4
923,2023-01-02,Lower Manhattan,Tea,Morning Sunrise Chai Lg,1,4,4
924,2023-01-02,Lower Manhattan,Bakery,Jumbo Savory Scone,1,"3,75","3,75"
925,2023-01-02,Lower Manhattan,Tea,Spicy Eye Opener Chai Rg,2,"2,55","5,1"
926,2023-01-02,Hell's Kitchen,Tea,English Breakfast Rg,1,"2,5","2,5"
927,2023-01-02,Lower Manhattan,Coffee,Columbian Medium Roast Rg,2,"2,5",5
928,2023-01-02,Astoria,Drinking Chocolate,Dark chocolate Rg,1,"3,5","3,5"
929,2023-01-02,Astoria,Tea,Lemon Grass Lg,2,3,6
930,2023-01-02,Astoria,Tea,Earl Grey Lg,2,3,6
931,2023-01-02,Astoria,Bakery,"Scottish Cream Scone ",1,"4,5","4,5"
932,2023-01-02,Lower Manhattan,Coffee,Cappuccino,1,"3,75","3,75"
933,2023-01-02,Lower Manhattan,Tea,Peppermint Rg,1,"2,5","2,5"
934,2023-01-02,Lower Manhattan,Tea,Traditional Blend Chai Rg,1,"2,5","2,5"
935,2023-01-02,Lower Manhattan,Coffee,Jamaican Coffee River Sm,2,"2,45","4,9"
936,2023-01-02,Astoria,Coffee,Latte Rg,1,"4,25","4,25"
937,2023-01-02,Lower Manhattan,Tea,Morning Sunrise Chai Rg,1,"2,5","2,5"
938,2023-01-02,Astoria,Coffee,Latte Rg,1,"4,25","4,25"
939,2023-01-02,Astoria,Tea,Peppermint Lg,2,3,6
940,2023-01-02,Astoria,Coffee,Cappuccino,1,"3,75","3,75"
941,2023-01-02,Hell's Kitchen,Coffee,Brazilian Rg,2,3,6
942,2023-01-02,Hell's Kitchen,Tea,Serenity Green Tea Lg,2,3,6
943,2023-01-02,Lower Manhattan,Coffee,Columbian Medium Roast Lg,1,3,3
944,2023-01-02,Lower Manhattan,Bakery,"Scottish Cream Scone ",1,"4,5","4,5"
945,2023-01-02,Astoria,Tea,Traditional Blend Chai Lg,2,3,6
946,2023-01-02,Astoria,Coffee,Latte,1,"3,75","3,75"
947,2023-01-02,Lower Manhattan,Drinking Chocolate,Sustainably Grown Organic Rg,2,"3,75","7,5"
948,2023-01-02,Lower Manhattan,Bakery,"Scottish Cream Scone ",1,"4,5","4,5"
949,2023-01-02,Astoria,Tea,English Breakfast Rg,1,"2,5","2,5"
950,2023-01-02,Astoria,Coffee,Brazilian Lg,2,"3,5",7
951,2023-01-02,Lower Manhattan,Coffee,Brazilian Rg,1,3,3
952,2023-01-02,Astoria,Tea,Morning Sunrise Chai Lg,1,4,4
953,2023-01-02,Astoria,Coffee,Brazilian Sm,1,"2,2","2,2"
954,2023-01-02,Astoria,Bakery,Almond Croissant,1,"3,75","3,75"
955,2023-01-02,Hell's Kitchen,Tea,Morning Sunrise Chai Rg,1,"2,5","2,5"
956,2023-01-02,Hell's Kitchen,Coffee,Jamaican Coffee River Lg,1,"3,75","3,75"
957,2023-01-02,Lower Manhattan,Coffee,Our Old Time Diner Blend Rg,1,"2,5","2,5"
958,2023-01-02,Astoria,Coffee,Our Old Time Diner Blend Lg,1,3,3
959,2023-01-02,Astoria,Bakery,Ginger Biscotti,1,"3,5","3,5"
960,2023-01-02,Hell's Kitchen,Tea,Traditional Blend Chai Lg,2,3,6
961,2023-01-02,Astoria,Coffee,Jamaican Coffee River Lg,2,"3,75","7,5"
962,2023-01-02,Hell's Kitchen,Tea,Traditional Blend Chai Rg,1,"2,5","2,5"
963,2023-01-02,Astoria,Tea,Traditional Blend Chai Rg,2,"2,5",5
964,2023-01-02,Lower Manhattan,Tea,Earl Grey Rg,2,"2,5",5
965,2023-01-02,Lower Manhattan,Tea,Spicy Eye Opener Chai Lg,1,"3,1","3,1"
966,2023-01-02,Lower Manhattan,Bakery,Croissant,1,"3,5","3,5"
967,2023-01-02,Lower Manhattan,Tea,Earl Grey Rg,1,"2,5","2,5"
968,2023-01-02,Astoria,Coffee,Ethiopia Sm,1,"2,2","2,2"
969,2023-01-02,Astoria,Tea,Morning Sunrise Chai Rg,2,"2,5",5
970,2023-01-02,Hell's Kitchen,Tea,English Breakfast Lg,2,3,6
971,2023-01-02,Astoria,Coffee,Ethiopia Rg,1,3,3
972,2023-01-02,Lower Manhattan,Coffee,Our Old Time Diner Blend Sm,2,2,4
973,2023-01-02,Astoria,Tea,Earl Grey Lg,2,3,6
974,2023-01-02,Lower Manhattan,Coffee,Jamaican Coffee River Sm,1,"2,45","2,45"
975,2023-01-02,Lower Manhattan,Bakery,Oatmeal Scone,1,3,3
976,2023-01-02,Astoria,Coffee,Jamaican Coffee River Sm,2,"2,45","4,9"
977,2023-01-02,Lower Manhattan,Coffee,Ethiopia Rg,2,3,6
978,2023-01-02,Astoria,Tea,English Breakfast Rg,1,"2,5","2,5"
979,2023-01-02,Astoria,Tea,English Breakfast Lg,1,3,3
980,2023-01-02,Hell's Kitchen,Coffee,Brazilian Sm,1,"2,2","2,2"
981,2023-01-02,Astoria,Coffee,Jamaican Coffee River Sm,2,"2,45","4,9"
982,2023-01-02,Astoria,Bakery,Ginger Scone,1,"3,25","3,25"
983,2023-01-02,Astoria,Coffee,Our Old Time Diner Blend Lg,2,3,6
984,2023-01-02,Hell's Kitchen,Coffee,Cappuccino Lg,1,"4,25","4,25"
985,2023-01-02,Lower Manhattan,Coffee,Our Old Time Diner Blend Rg,1,"2,5","2,5"
986,2023-01-02,Hell's Kitchen,Coffee,Brazilian Sm,1,"2,2","2,2"
987,2023-01-02,Hell's Kitchen,Tea,Earl Grey Rg,1,"2,5","2,5"
988,2023-01-02,Lower Manhattan,Coffee,Columbian Medium Roast Rg,2,"2,5",5
989,2023-01-02,Lower Manhattan,Bakery,Oatmeal Scone,1,3,3
990,2023-01-02,Astoria,Drinking Chocolate,Sustainably Grown Organic Rg,1,"3,75","3,75"
991,2023-01-02,Hell's Kitchen,Tea,Morning Sunrise Chai Lg,2,4,8
992,2023-01-02,Hell's Kitchen,Coffee,Ethiopia Lg,1,"3,5","3,5"
993,2023-01-02,Astoria,Tea,Lemon Grass Rg,2,"2,5",5
994,2023-01-02,Hell's Kitchen,Tea,Lemon Grass Lg,1,3,3
995,2023-01-02,Lower Manhattan,Coffee,Brazilian Lg,2,"3,5",7
996,2023-01-02,Lower Manhattan,Tea,Spicy Eye Opener Chai Lg,2,"3,1","6,2"
997,2023-01-02,Astoria,Tea,Traditional Blend Chai Lg,2,3,6
998,2023-01-02,Astoria,Bakery,Cranberry Scone,1,"3,25","3,25"
999,2023-01-02,Lower Manhattan,Coffee,Ethiopia Rg,2,3,6
1000,2023-01-02,Hell's Kitchen,Tea,Morning Sunrise Chai Rg,1,"2,5","2,5"
1001,2023-01-02,Lower Manhattan,Coffee,Brazilian Lg,1,"3,5","3,5"
1002,2023-01-02,Lower Manhattan,Bakery,Ginger Biscotti,1,"3,5","3,5"
1003,2023-01-02,Hell's Kitchen,Tea,Serenity Green Tea Rg,1,"2,5","2,5"
1004,2023-01-02,Astoria,Coffee,Columbian Medium Roast Sm,1,2,2
1005,2023-01-02,Astoria,Coffee,Our Old Time Diner Blend Lg,2,3,6
1006,2023-01-02,Hell's Kitchen,Tea,Serenity Green Tea Lg,1,3,3
1007,2023-01-02,Hell's Kitchen,Coffee,Columbian Medium Roast Rg,1,"2,5","2,5"
1008,2023-01-02,Astoria,Tea,Serenity Green Tea Rg,2,"2,5",5
1009,2023-01-02,Astoria,Coffee,Columbian Medium Roast Lg,1,3,3
1010,2023-01-02,Hell's Kitchen,Tea,Peppermint Rg,1,"2,5","2,5"
1011,2023-01-02,Hell's Kitchen,Bakery,Chocolate Croissant,1,"3,75","3,75"
1012,2023-01-02,Hell's Kitchen,Coffee,Columbian Medium Roast Sm,2,2,4
1013,2023-01-02,Astoria,Coffee,Columbian Medium Roast Rg,2,"2,5",5
1014,2023-01-02,Astoria,Tea,Earl Grey Lg,2,3,6
1015,2023-01-02,Astoria,Coffee,Brazilian Rg,1,3,3
1016,2023-01-02,Lower Manhattan,Tea,Spicy Eye Opener Chai Lg,1,"3,1","3,1"
1017,2023-01-02,Astoria,Drinking Chocolate,Sustainably Grown Organic Rg,1,"3,75","3,75"
1018,2023-01-02,Astoria,Bakery,Almond Croissant,1,"3,75","3,75"
1019,2023-01-02,Astoria,Coffee,Latte,2,"3,75","7,5"
1020,2023-01-02,Astoria,Coffee,Brazilian Lg,1,"3,5","3,5"
1021,2023-01-02,Hell's Kitchen,Tea,Traditional Blend Chai Rg,1,"2,5","2,5"
1022,2023-01-02,Astoria,Drinking Chocolate,Sustainably Grown Organic Lg,1,"4,75","4,75"
1023,2023-01-02,Hell's Kitchen,Coffee,Jamaican Coffee River Lg,2,"3,75","7,5"
1024,2023-01-02,Hell's Kitchen,Tea,Serenity Green Tea Rg,1,"2,5","2,5"
1025,2023-01-02,Hell's Kitchen,Tea,Traditional Blend Chai Rg,1,"2,5","2,5"
1026,2023-01-02,Astoria,Tea,Spicy Eye Opener Chai Lg,2,"3,1","6,2"
1027,2023-01-02,Lower Manhattan,Coffee,Brazilian Lg,2,"3,5",7
1028,2023-01-02,Astoria,Tea,Traditional Blend Chai Rg,2,"2,5",5
1029,2023-01-02,Astoria,Tea,Traditional Blend Chai Rg,2,"2,5",5
1030,2023-01-02,Astoria,Bakery,Chocolate Chip Biscotti,1,"3,5","3,5"
1031,2023-01-02,Hell's Kitchen,Tea,Traditional Blend Chai Rg,2,"2,5",5
1032,2023-01-02,Astoria,Coffee,Espresso shot,2,3,6
1033,2023-01-02,Astoria,Tea,Serenity Green Tea Lg,2,3,6
1034,2023-01-02,Astoria,Bakery,Ginger Biscotti,1,"3,5","3,5"
1035,2023-01-02,Hell's Kitchen,Coffee,Columbian Medium Roast Lg,1,3,3
1036,2023-01-02,Astoria,Coffee,Columbian Medium Roast Rg,2,"2,5",5
1037,2023-01-02,Astoria,Bakery,Almond Croissant,1,"3,75","3,75"
1038,2023-01-02,Astoria,Drinking Chocolate,Sustainably Grown Organic Rg,2,"3,75","7,5"
1039,2023-01-02,Astoria,Bakery,Croissant,1,"3,5","3,5"
1040,2023-01-02,Hell's Kitchen,Coffee,Ethiopia Rg,1,3,3
1041,2023-01-02,Hell's Kitchen,Bakery,Ginger Scone,1,"3,25","3,25"
1042,2023-01-02,Lower Manhattan,Drinking Chocolate,Sustainably Grown Organic Lg,1,"4,75","4,75"
1043,2023-01-02,Lower Manhattan,Tea,Morning Sunrise Chai Lg,1,4,4
1044,2023-01-02,Lower Manhattan,Coffee,Ethiopia Lg,2,"3,5",7
1045,2023-01-02,Lower Manhattan,Bakery,Almond Croissant,1,"3,75","3,75"
1046,2023-01-02,Lower Manhattan,Coffee,Latte Rg,2,"4,25","8,5"
1047,2023-01-02,Astoria,Tea,Peppermint Lg,2,3,6
1048,2023-01-02,Hell's Kitchen,Tea,Morning Sunrise Chai Lg,1,4,4
1049,2023-01-02,Astoria,Tea,Earl Grey Lg,1,3,3
1050,2023-01-02,Lower Manhattan,Coffee,Ethiopia Sm,1,"2,2","2,2"
1051,2023-01-02,Hell's Kitchen,Tea,Earl Grey Rg,2,"2,5",5
1052,2023-01-02,Hell's Kitchen,Coffee,Ethiopia Lg,2,"3,5",7
1053,2023-01-02,Astoria,Coffee,Jamaican Coffee River Rg,2,"3,1","6,2"
1054,2023-01-02,Hell's Kitchen,Coffee,Jamaican Coffee River Sm,2,"2,45","4,9"
1055,2023-01-02,Hell's Kitchen,Coffee,Ethiopia Rg,1,3,3
1056,2023-01-02,Astoria,Tea,Spicy Eye Opener Chai Rg,1,"2,55","2,55"
1057,2023-01-02,Astoria,Coffee,Brazilian Rg,2,3,6
1058,2023-01-02,Lower Manhattan,Coffee,Jamaican Coffee River Sm,1,"2,45","2,45"
1059,2023-01-02,Astoria,Coffee,Jamaican Coffee River Lg,2,"3,75","7,5"
1060,2023-01-02,Astoria,Bakery,Croissant,1,"3,5","3,5"
1061,2023-01-02,Hell's Kitchen,Coffee,Ethiopia Lg,2,"3,5",7
1062,2023-01-02,Hell's Kitchen,Bakery,Cranberry Scone,1,"3,25","3,25"
1063,2023-01-02,Astoria,Coffee,Latte Rg,2,"4,25","8,5"
1064,2023-01-02,Astoria,Tea,English Breakfast Lg,2,3,6
1065,2023-01-02,Astoria,Tea,Peppermint Rg,1,"2,5","2,5"
1066,2023-01-02,Astoria,Bakery,Oatmeal Scone,1,3,3
1067,2023-01-02,Astoria,Tea,Serenity Green Tea Rg,1,"2,5","2,5"
1068,2023-01-02,Astoria,Coffee,Columbian Medium Roast Lg,1,3,3
1069,2023-01-02,Astoria,Drinking Chocolate,Sustainably Grown Organic Rg,1,"3,75","3,75"
1070,2023-01-02,Hell's Kitchen,Drinking Chocolate,Sustainably Grown Organic Lg,2,"4,75","9,5"
1071,2023-01-02,Astoria,Coffee,Espresso shot,1,3,3
1072,2023-01-02,Astoria,Coffee,Jamaican Coffee River Lg,1,"3,75","3,75"
1073,2023-01-02,Astoria,Tea,Morning Sunrise Chai Lg,2,4,8
1074,2023-01-02,Astoria,Drinking Chocolate,Dark chocolate Rg,2,"3,5",7
1075,2023-01-02,Astoria,Bakery,Oatmeal Scone,1,3,3
1076,2023-01-02,Astoria,Tea,Serenity Green Tea Rg,1,"2,5","2,5"
1077,2023-01-02,Astoria,Bakery,Chocolate Chip Biscotti,1,"3,5","3,5"
1078,2023-01-02,Astoria,Tea,Traditional Blend Chai Rg,2,"2,5",5
1079,2023-01-02,Astoria,Bakery,"Scottish Cream Scone ",1,"4,5","4,5"
1080,2023-01-02,Astoria,Coffee,Our Old Time Diner Blend Rg,2,"2,5",5
1081,2023-01-02,Hell's Kitchen,Tea,Earl Grey Lg,1,3,3
1082,2023-01-02,Astoria,Coffee,Our Old Time Diner Blend Sm,1,2,2
1083,2023-01-02,Astoria,Tea,English Breakfast Rg,1,"2,5","2,5"
1084,2023-01-02,Astoria,Drinking Chocolate,Dark chocolate Lg,2,"4,5",9
1085,2023-01-02,Astoria,Coffee,Cappuccino,1,"3,75","3,75"
1086,2023-01-02,Hell's Kitchen,Coffee,Latte Rg,2,"4,25","8,5"
1087,2023-01-02,Hell's Kitchen,Bakery,Cranberry Scone,1,"3,25","3,25"
1088,2023-01-02,Astoria,Tea,Earl Grey Rg,2,"2,5",5
1089,2023-01-02,Astoria,Bakery,Chocolate Croissant,1,"3,75","3,75"
1090,2023-01-02,Hell's Kitchen,Tea,Spicy Eye Opener Chai Lg,1,"3,1","3,1"
1091,2023-01-02,Hell's Kitchen,Coffee,Espresso shot,2,3,6
1092,2023-01-02,Astoria,Coffee,Our Old Time Diner Blend Lg,1,3,3
1093,2023-01-02,Astoria,Coffee,Our Old Time Diner Blend Sm,2,2,4
1094,2023-01-02,Astoria,Bakery,Ginger Scone,1,"3,25","3,25"
1095,2023-01-02,Hell's Kitchen,Coffee,Our Old Time Diner Blend Rg,2,"2,5",5
1096,2023-01-02,Hell's Kitchen,Coffee,Our Old Time Diner Blend Sm,1,2,2
1097,2023-01-02,Hell's Kitchen,Bakery,Hazelnut Biscotti,1,"3,25","3,25"
1098,2023-01-02,Astoria,Coffee,Brazilian Sm,2,"2,2","4,4"
1099,2023-01-02,Hell's Kitchen,Coffee,Jamaican Coffee River Sm,1,"2,45","2,45"
1100,2023-01-02,Hell's Kitchen,Coffee,Cappuccino,1,"3,75","3,75"
1101,2023-01-02,Hell's Kitchen,Tea,English Breakfast Lg,2,3,6
1102,2023-01-02,Hell's Kitchen,Coffee,Cappuccino Lg,2,"4,25","8,5"
1103,2023-01-02,Astoria,Tea,English Breakfast Lg,2,3,6
1104,2023-01-02,Hell's Kitchen,Tea,Spicy Eye Opener Chai Lg,2,"3,1","6,2"
1105,2023-01-02,Hell's Kitchen,Bakery,Ginger Biscotti,1,"3,5","3,5"
1106,2023-01-02,Astoria,Coffee,Ethiopia Lg,2,"3,5",7
1107,2023-01-02,Hell's Kitchen,Coffee,Columbian Medium Roast Sm,2,2,4
1108,2023-01-02,Hell's Kitchen,Bakery,Croissant,1,"3,5","3,5"
1109,2023-01-02,Astoria,Coffee,Our Old Time Diner Blend Sm,1,2,2
1110,2023-01-02,Astoria,Bakery,Ginger Biscotti,1,"3,5","3,5"
1111,2023-01-02,Astoria,Tea,Lemon Grass Lg,2,3,6
1112,2023-01-02,Hell's Kitchen,Tea,Spicy Eye Opener Chai Rg,2,"2,55","5,1"
1113,2023-01-02,Astoria,Tea,Traditional Blend Chai Rg,1,"2,5","2,5"
1114,2023-01-02,Astoria,Bakery,Ginger Scone,1,"3,25","3,25"
1115,2023-01-02,Hell's Kitchen,Coffee,Brazilian Rg,2,3,6
1116,2023-01-02,Astoria,Coffee,Espresso shot,1,3,3
1117,2023-01-03,Lower Manhattan,Tea,Lemon Grass Lg,2,3,6
1118,2023-01-03,Lower Manhattan,Bakery,"Scottish Cream Scone ",1,"4,5","4,5"
1119,2023-01-03,Lower Manhattan,Coffee,Columbian Medium Roast Rg,2,"2,5",5
1120,2023-01-03,Lower Manhattan,Drinking Chocolate,Dark chocolate Lg,2,"4,5",9
1121,2023-01-03,Lower Manhattan,Bakery,Almond Croissant,1,"3,75","3,75"
1122,2023-01-03,Lower Manhattan,Tea,Peppermint Lg,1,3,3
1123,2023-01-03,Lower Manhattan,Tea,Spicy Eye Opener Chai Rg,2,"2,55","5,1"
1124,2023-01-03,Hell's Kitchen,Coffee,Cappuccino Lg,1,"4,25","4,25"
1125,2023-01-03,Lower Manhattan,Drinking Chocolate,Sustainably Grown Organic Rg,2,"3,75","7,5"
1126,2023-01-03,Hell's Kitchen,Tea,Peppermint Rg,1,"2,5","2,5"
1127,2023-01-03,Hell's Kitchen,Coffee,Espresso shot,1,3,3
1128,2023-01-03,Hell's Kitchen,Bakery,Chocolate Chip Biscotti,1,"3,5","3,5"
1129,2023-01-03,Hell's Kitchen,Coffee,Cappuccino Lg,1,"4,25","4,25"
1130,2023-01-03,Hell's Kitchen,Tea,Peppermint Lg,2,3,6
1131,2023-01-03,Hell's Kitchen,Coffee,Our Old Time Diner Blend Rg,2,"2,5",5
1132,2023-01-03,Hell's Kitchen,Coffee,Columbian Medium Roast Rg,2,"2,5",5
1133,2023-01-03,Hell's Kitchen,Tea,Traditional Blend Chai Rg,2,"2,5",5
1134,2023-01-03,Lower Manhattan,Tea,Earl Grey Lg,1,3,3
1135,2023-01-03,Lower Manhattan,Coffee,Ethiopia Rg,1,3,3
1136,2023-01-03,Lower Manhattan,Coffee,Brazilian Lg,1,"3,5","3,5"
1137,2023-01-03,Hell's Kitchen,Tea,English Breakfast Rg,2,"2,5",5
1138,2023-01-03,Lower Manhattan,Coffee,Columbian Medium Roast Lg,2,3,6
1139,2023-01-03,Hell's Kitchen,Drinking Chocolate,Sustainably Grown Organic Rg,2,"3,75","7,5"
1140,2023-01-03,Lower Manhattan,Coffee,Cappuccino,2,"3,75","7,5"
1141,2023-01-03,Hell's Kitchen,Coffee,Our Old Time Diner Blend Sm,2,2,4
1142,2023-01-03,Lower Manhattan,Coffee,Cappuccino Lg,1,"4,25","4,25"
1143,2023-01-03,Lower Manhattan,Bakery,"Scottish Cream Scone ",1,"4,5","4,5"
1144,2023-01-03,Hell's Kitchen,Drinking Chocolate,Dark chocolate Lg,2,"4,5",9
1145,2023-01-03,Hell's Kitchen,Bakery,"Scottish Cream Scone ",1,"4,5","4,5"
1146,2023-01-03,Hell's Kitchen,Coffee,Ouro Brasileiro shot,1,3,3
1147,2023-01-03,Hell's Kitchen,Drinking Chocolate,Sustainably Grown Organic Rg,1,"3,75","3,75"
1148,2023-01-03,Lower Manhattan,Coffee,Ethiopia Lg,2,"3,5",7
1149,2023-01-03,Hell's Kitchen,Tea,Spicy Eye Opener Chai Rg,1,"2,55","2,55"
1150,2023-01-03,Hell's Kitchen,Bakery,Hazelnut Biscotti,1,"3,25","3,25"
1151,2023-01-03,Hell's Kitchen,Coffee,Jamaican Coffee River Rg,1,"3,1","3,1"
1152,2023-01-03,Hell's Kitchen,Coffee,Columbian Medium Roast Lg,1,3,3
1153,2023-01-03,Hell's Kitchen,Bakery,Ginger Scone,1,"3,25","3,25"
1154,2023-01-03,Hell's Kitchen,Drinking Chocolate,Sustainably Grown Organic Lg,1,"4,75","4,75"
1155,2023-01-03,Hell's Kitchen,Coffee,Our Old Time Diner Blend Sm,2,2,4
1156,2023-01-03,Lower Manhattan,Drinking Chocolate,Sustainably Grown Organic Lg,2,"4,75","9,5"
1157,2023-01-03,Lower Manhattan,Tea,Earl Grey Lg,2,3,6
1158,2023-01-03,Lower Manhattan,Bakery,Ginger Scone,1,"3,25","3,25"
1159,2023-01-03,Hell's Kitchen,Coffee,Our Old Time Diner Blend Lg,1,3,3
1160,2023-01-03,Hell's Kitchen,Tea,Peppermint Rg,2,"2,5",5
1161,2023-01-03,Lower Manhattan,Tea,Morning Sunrise Chai Rg,2,"2,5",5
1162,2023-01-03,Hell's Kitchen,Tea,Traditional Blend Chai Lg,1,3,3
1163,2023-01-03,Lower Manhattan,Drinking Chocolate,Dark chocolate Lg,2,"4,5",9
1164,2023-01-03,Lower Manhattan,Tea,Earl Grey Rg,2,"2,5",5
1165,2023-01-03,Lower Manhattan,Coffee,Ouro Brasileiro shot,2,3,6
1166,2023-01-03,Lower Manhattan,Bakery,Cranberry Scone,1,"3,25","3,25"
1167,2023-01-03,Hell's Kitchen,Tea,Traditional Blend Chai Rg,1,"2,5","2,5"
1168,2023-01-03,Hell's Kitchen,Bakery,Almond Croissant,1,"3,75","3,75"
1169,2023-01-03,Hell's Kitchen,Coffee,Brazilian Rg,2,3,6
1170,2023-01-03,Lower Manhattan,Coffee,Espresso shot,1,3,3
1171,2023-01-03,Lower Manhattan,Tea,Peppermint Lg,1,3,3
1172,2023-01-03,Hell's Kitchen,Coffee,Our Old Time Diner Blend Sm,1,2,2
1173,2023-01-03,Lower Manhattan,Coffee,Our Old Time Diner Blend Sm,2,2,4
1174,2023-01-03,Hell's Kitchen,Tea,Peppermint Lg,1,3,3
1175,2023-01-03,Lower Manhattan,Coffee,Brazilian Sm,1,"2,2","2,2"
1176,2023-01-03,Lower Manhattan,Tea,Morning Sunrise Chai Rg,1,"2,5","2,5"
1177,2023-01-03,Hell's Kitchen,Tea,Earl Grey Rg,2,"2,5",5
1178,2023-01-03,Lower Manhattan,Coffee,Columbian Medium Roast Rg,1,"2,5","2,5"
1179,2023-01-03,Hell's Kitchen,Tea,Lemon Grass Rg,1,"2,5","2,5"
1180,2023-01-03,Lower Manhattan,Tea,Peppermint Lg,1,3,3
1181,2023-01-03,Hell's Kitchen,Tea,Morning Sunrise Chai Lg,1,4,4
1182,2023-01-03,Hell's Kitchen,Tea,Morning Sunrise Chai Rg,1,"2,5","2,5"
1183,2023-01-03,Lower Manhattan,Tea,Earl Grey Rg,2,"2,5",5
1184,2023-01-03,Lower Manhattan,Drinking Chocolate,Dark chocolate Lg,2,"4,5",9
1185,2023-01-03,Lower Manhattan,Tea,Lemon Grass Lg,2,3,6
1186,2023-01-03,Hell's Kitchen,Tea,Earl Grey Rg,2,"2,5",5
1187,2023-01-03,Hell's Kitchen,Tea,Morning Sunrise Chai Lg,2,4,8
1188,2023-01-03,Hell's Kitchen,Tea,Earl Grey Lg,2,3,6
1189,2023-01-03,Hell's Kitchen,Coffee,Espresso shot,2,3,6
1190,2023-01-03,Lower Manhattan,Tea,English Breakfast Lg,2,3,6
1191,2023-01-03,Hell's Kitchen,Coffee,Cappuccino,1,"3,75","3,75"
1192,2023-01-03,Lower Manhattan,Coffee,Ouro Brasileiro shot,1,3,3
1193,2023-01-03,Hell's Kitchen,Coffee,Ethiopia Lg,1,"3,5","3,5"
1194,2023-01-03,Lower Manhattan,Coffee,Cappuccino,1,"3,75","3,75"
1195,2023-01-03,Lower Manhattan,Coffee,Espresso shot,1,3,3
1196,2023-01-03,Lower Manhattan,Coffee,Jamaican Coffee River Sm,1,"2,45","2,45"
1197,2023-01-03,Lower Manhattan,Coffee,Latte,1,"3,75","3,75"
1198,2023-01-03,Lower Manhattan,Tea,English Breakfast Lg,2,3,6
1199,2023-01-03,Lower Manhattan,Coffee,Brazilian Rg,2,3,6
1200,2023-01-03,Hell's Kitchen,Tea,Morning Sunrise Chai Lg,1,4,4
1201,2023-01-03,Hell's Kitchen,Tea,Spicy Eye Opener Chai Rg,1,"2,55","2,55"
1202,2023-01-03,Lower Manhattan,Tea,Earl Grey Rg,2,"2,5",5
1203,2023-01-03,Lower Manhattan,Coffee,Columbian Medium Roast Rg,1,"2,5","2,5"
1204,2023-01-03,Lower Manhattan,Coffee,Jamaican Coffee River Lg,2,"3,75","7,5"
1205,2023-01-03,Lower Manhattan,Coffee,Ethiopia Lg,1,"3,5","3,5"
1206,2023-01-03,Lower Manhattan,Bakery,Ginger Scone,1,"3,25","3,25"
1207,2023-01-03,Lower Manhattan,Tea,Serenity Green Tea Lg,1,3,3
1208,2023-01-03,Hell's Kitchen,Tea,Serenity Green Tea Rg,2,"2,5",5
1209,2023-01-03,Hell's Kitchen,Coffee,Espresso shot,1,3,3
1210,2023-01-03,Hell's Kitchen,Coffee,Brazilian Sm,1,"2,2","2,2"
1211,2023-01-03,Lower Manhattan,Coffee,Latte Rg,2,"4,25","8,5"
1212,2023-01-03,Lower Manhattan,Coffee,Columbian Medium Roast Rg,2,"2,5",5
1213,2023-01-03,Lower Manhattan,Tea,Lemon Grass Lg,2,3,6
1214,2023-01-03,Lower Manhattan,Bakery,Almond Croissant,1,"3,75","3,75"
1215,2023-01-03,Hell's Kitchen,Tea,Peppermint Lg,1,3,3
1216,2023-01-03,Hell's Kitchen,Coffee,Ethiopia Rg,2,3,6
1217,2023-01-03,Lower Manhattan,Tea,Morning Sunrise Chai Rg,1,"2,5","2,5"
1218,2023-01-03,Astoria,Coffee,Columbian Medium Roast Sm,2,2,4
1219,2023-01-03,Astoria,Coffee,Columbian Medium Roast Sm,2,2,4
1220,2023-01-03,Astoria,Coffee,Jamaican Coffee River Lg,2,"3,75","7,5"
1221,2023-01-03,Hell's Kitchen,Coffee,Columbian Medium Roast Lg,2,3,6
1222,2023-01-03,Astoria,Coffee,Our Old Time Diner Blend Lg,2,3,6
1223,2023-01-03,Lower Manhattan,Coffee,Brazilian Rg,2,3,6
1224,2023-01-03,Lower Manhattan,Tea,Traditional Blend Chai Rg,1,"2,5","2,5"
1225,2023-01-03,Astoria,Coffee,Our Old Time Diner Blend Lg,2,3,6
1226,2023-01-03,Astoria,Coffee,Brazilian Rg,2,3,6
1227,2023-01-03,Hell's Kitchen,Coffee,Latte,2,"3,75","7,5"
1228,2023-01-03,Astoria,Coffee,Brazilian Lg,2,"3,5",7
1229,2023-01-03,Hell's Kitchen,Tea,English Breakfast Lg,2,3,6
1230,2023-01-03,Hell's Kitchen,Tea,Lemon Grass Rg,1,"2,5","2,5"
1231,2023-01-03,Lower Manhattan,Coffee,Brazilian Rg,2,3,6
1232,2023-01-03,Lower Manhattan,Bakery,Almond Croissant,1,"3,75","3,75"
1233,2023-01-03,Hell's Kitchen,Tea,Morning Sunrise Chai Rg,1,"2,5","2,5"
1234,2023-01-03,Hell's Kitchen,Bakery,Ginger Scone,1,"3,25","3,25"
1235,2023-01-03,Hell's Kitchen,Drinking Chocolate,Sustainably Grown Organic Lg,2,"4,75","9,5"
1236,2023-01-03,Astoria,Drinking Chocolate,Sustainably Grown Organic Rg,2,"3,75","7,5"
1237,2023-01-03,Astoria,Bakery,"Scottish Cream Scone ",1,"4,5","4,5"
1238,2023-01-03,Astoria,Tea,Serenity Green Tea Lg,2,3,6
1239,2023-01-03,Hell's Kitchen,Tea,Serenity Green Tea Rg,1,"2,5","2,5"
1240,2023-01-03,Hell's Kitchen,Coffee,Espresso shot,2,3,6
1241,2023-01-03,Lower Manhattan,Coffee,Latte Rg,2,"4,25","8,5"
1242,2023-01-03,Lower Manhattan,Bakery,Cranberry Scone,1,"3,25","3,25"
1243,2023-01-03,Hell's Kitchen,Tea,Earl Grey Rg,1,"2,5","2,5"
1244,2023-01-03,Hell's Kitchen,Tea,Serenity Green Tea Lg,1,3,3
1245,2023-01-03,Lower Manhattan,Coffee,Ethiopia Sm,2,"2,2","4,4"
1246,2023-01-03,Hell's Kitchen,Coffee,Our Old Time Diner Blend Lg,1,3,3
1247,2023-01-03,Lower Manhattan,Coffee,Brazilian Rg,2,3,6
1248,2023-01-03,Lower Manhattan,Bakery,Croissant,1,"3,5","3,5"
1249,2023-01-03,Astoria,Coffee,Cappuccino Lg,1,"4,25","4,25"
1250,2023-01-03,Hell's Kitchen,Coffee,Ethiopia Lg,2,"3,5",7
1251,2023-01-03,Astoria,Tea,Serenity Green Tea Rg,2,"2,5",5
1252,2023-01-03,Astoria,Coffee,Ethiopia Rg,2,3,6
1253,2023-01-03,Astoria,Coffee,Ethiopia Rg,1,3,3
1254,2023-01-03,Astoria,Coffee,Columbian Medium Roast Lg,2,3,6
1255,2023-01-03,Hell's Kitchen,Tea,Lemon Grass Lg,1,3,3
1256,2023-01-03,Lower Manhattan,Coffee,Columbian Medium Roast Sm,2,2,4
1257,2023-01-03,Astoria,Coffee,Cappuccino,2,"3,75","7,5"
1258,2023-01-03,Astoria,Bakery,Oatmeal Scone,1,3,3
1259,2023-01-03,Lower Manhattan,Tea,Earl Grey Rg,1,"2,5","2,5"
1260,2023-01-03,Lower Manhattan,Coffee,Our Old Time Diner Blend Sm,2,2,4
1261,2023-01-03,Hell's Kitchen,Coffee,Jamaican Coffee River Rg,1,"3,1","3,1"
1262,2023-01-03,Hell's Kitchen,Bakery,Hazelnut Biscotti,1,"3,25","3,25"
1263,2023-01-03,Astoria,Coffee,Jamaican Coffee River Rg,2,"3,1","6,2"
1264,2023-01-03,Astoria,Bakery,Oatmeal Scone,1,3,3
1265,2023-01-03,Lower Manhattan,Tea,English Breakfast Rg,1,"2,5","2,5"
1266,2023-01-03,Hell's Kitchen,Coffee,Columbian Medium Roast Rg,1,"2,5","2,5"
1267,2023-01-03,Hell's Kitchen,Tea,Lemon Grass Lg,1,3,3
1268,2023-01-03,Hell's Kitchen,Drinking Chocolate,Dark chocolate Lg,1,"4,5","4,5"
1269,2023-01-03,Lower Manhattan,Coffee,Jamaican Coffee River Rg,1,"3,1","3,1"
1270,2023-01-03,Lower Manhattan,Bakery,Chocolate Croissant,1,"3,75","3,75"
1271,2023-01-03,Astoria,Coffee,Our Old Time Diner Blend Lg,1,3,3
1272,2023-01-03,Lower Manhattan,Coffee,Ethiopia Lg,1,"3,5","3,5"
1273,2023-01-03,Lower Manhattan,Coffee,Jamaican Coffee River Lg,1,"3,75","3,75"
1274,2023-01-03,Hell's Kitchen,Coffee,Espresso shot,2,3,6
1275,2023-01-03,Astoria,Coffee,Latte Rg,1,"4,25","4,25"
1276,2023-01-03,Lower Manhattan,Tea,Earl Grey Rg,2,"2,5",5
1277,2023-01-03,Lower Manhattan,Coffee,Espresso shot,2,3,6
1278,2023-01-03,Astoria,Tea,Earl Grey Rg,1,"2,5","2,5"
1279,2023-01-03,Lower Manhattan,Coffee,Latte,2,"3,75","7,5"
1280,2023-01-03,Lower Manhattan,Coffee,Brazilian Sm,1,"2,2","2,2"
1281,2023-01-03,Hell's Kitchen,Coffee,Latte,1,"3,75","3,75"
1282,2023-01-03,Astoria,Tea,Morning Sunrise Chai Lg,2,4,8
1283,2023-01-03,Hell's Kitchen,Tea,Spicy Eye Opener Chai Rg,1,"2,55","2,55"
1284,2023-01-03,Lower Manhattan,Coffee,Brazilian Sm,2,"2,2","4,4"
1285,2023-01-03,Astoria,Tea,Serenity Green Tea Rg,1,"2,5","2,5"
1286,2023-01-03,Astoria,Coffee,Brazilian Lg,1,"3,5","3,5"
1287,2023-01-03,Lower Manhattan,Tea,Serenity Green Tea Lg,2,3,6
1288,2023-01-03,Hell's Kitchen,Coffee,Our Old Time Diner Blend Rg,2,"2,5",5
1289,2023-01-03,Hell's Kitchen,Coffee,Jamaican Coffee River Rg,1,"3,1","3,1"
1290,2023-01-03,Astoria,Tea,Earl Grey Lg,1,3,3
1291,2023-01-03,Astoria,Drinking Chocolate,Dark chocolate Lg,2,"4,5",9
1292,2023-01-03,Lower Manhattan,Tea,Earl Grey Lg,1,3,3
1293,2023-01-03,Astoria,Drinking Chocolate,Dark chocolate Lg,2,"4,5",9
1294,2023-01-03,Hell's Kitchen,Drinking Chocolate,Sustainably Grown Organic Lg,2,"4,75","9,5"
1295,2023-01-03,Astoria,Coffee,Our Old Time Diner Blend Lg,1,3,3
1296,2023-01-03,Astoria,Coffee,Our Old Time Diner Blend Lg,1,3,3
1297,2023-01-03,Hell's Kitchen,Drinking Chocolate,Sustainably Grown Organic Rg,1,"3,75","3,75"
1298,2023-01-03,Hell's Kitchen,Tea,Peppermint Lg,1,3,3
1299,2023-01-03,Lower Manhattan,Tea,Serenity Green Tea Rg,1,"2,5","2,5"
1300,2023-01-03,Astoria,Tea,Earl Grey Lg,1,3,3
1301,2023-01-03,Astoria,Bakery,Ginger Scone,1,"3,25","3,25"
1302,2023-01-03,Astoria,Coffee,Brazilian Lg,2,"3,5",7
1303,2023-01-03,Hell's Kitchen,Tea,Earl Grey Rg,2,"2,5",5
1304,2023-01-03,Hell's Kitchen,Tea,Traditional Blend Chai Lg,2,3,6
1305,2023-01-03,Lower Manhattan,Coffee,Ethiopia Lg,1,"3,5","3,5"
1306,2023-01-03,Lower Manhattan,Bakery,Chocolate Chip Biscotti,1,"3,5","3,5"
1307,2023-01-03,Astoria,Drinking Chocolate,Dark chocolate Rg,2,"3,5",7
1308,2023-01-03,Hell's Kitchen,Drinking Chocolate,Dark chocolate Rg,2,"3,5",7
1309,2023-01-03,Hell's Kitchen,Tea,English Breakfast Lg,2,3,6
1310,2023-01-03,Hell's Kitchen,Tea,English Breakfast Rg,2,"2,5",5
1311,2023-01-03,Hell's Kitchen,Bakery,Ginger Biscotti,1,"3,5","3,5"
1312,2023-01-03,Astoria,Coffee,Latte Rg,2,"4,25","8,5"
1313,2023-01-03,Astoria,Coffee,Columbian Medium Roast Lg,2,3,6
1314,2023-01-03,Lower Manhattan,Tea,Peppermint Lg,1,3,3
1315,2023-01-03,Hell's Kitchen,Tea,Earl Grey Rg,2,"2,5",5
1316,2023-01-03,Astoria,Coffee,Latte Rg,1,"4,25","4,25"
1317,2023-01-03,Lower Manhattan,Coffee,Jamaican Coffee River Rg,2,"3,1","6,2"
1318,2023-01-03,Astoria,Coffee,Columbian Medium Roast Lg,2,3,6
1319,2023-01-03,Lower Manhattan,Tea,Lemon Grass Rg,1,"2,5","2,5"
1320,2023-01-03,Lower Manhattan,Coffee,Jamaican Coffee River Rg,2,"3,1","6,2"
1321,2023-01-03,Lower Manhattan,Bakery,Ginger Biscotti,1,"3,5","3,5"
1322,2023-01-03,Hell's Kitchen,Coffee,Our Old Time Diner Blend Sm,1,2,2
1323,2023-01-03,Astoria,Drinking Chocolate,Dark chocolate Lg,1,"4,5","4,5"
1324,2023-01-03,Astoria,Bakery,Chocolate Chip Biscotti,1,"3,5","3,5"
1325,2023-01-03,Astoria,Coffee,Our Old Time Diner Blend Sm,2,2,4
1326,2023-01-03,Astoria,Tea,Morning Sunrise Chai Rg,1,"2,5","2,5"
1327,2023-01-03,Lower Manhattan,Tea,Spicy Eye Opener Chai Rg,2,"2,55","5,1"
1328,2023-01-03,Lower Manhattan,Bakery,Ginger Biscotti,1,"3,5","3,5"
1329,2023-01-03,Astoria,Coffee,Our Old Time Diner Blend Rg,2,"2,5",5
1330,2023-01-03,Lower Manhattan,Tea,Lemon Grass Rg,2,"2,5",5
1331,2023-01-03,Lower Manhattan,Bakery,"Scottish Cream Scone ",1,"4,5","4,5"
1332,2023-01-03,Astoria,Coffee,Espresso shot,2,3,6
1333,2023-01-03,Astoria,Tea,English Breakfast Lg,2,3,6
1334,2023-01-03,Hell's Kitchen,Drinking Chocolate,Sustainably Grown Organic Lg,1,"4,75","4,75"
1335,2023-01-03,Astoria,Tea,Earl Grey Lg,2,3,6
1336,2023-01-03,Astoria,Bakery,Croissant,1,"3,5","3,5"
1337,2023-01-03,Astoria,Coffee,Our Old Time Diner Blend Rg,2,"2,5",5
1338,2023-01-03,Astoria,Coffee,Jamaican Coffee River Sm,1,"2,45","2,45"
1339,2023-01-03,Astoria,Tea,Morning Sunrise Chai Lg,1,4,4
1340,2023-01-03,Hell's Kitchen,Tea,Peppermint Rg,1,"2,5","2,5"
1341,2023-01-03,Hell's Kitchen,Bakery,Cranberry Scone,1,"3,25","3,25"
1342,2023-01-03,Astoria,Coffee,Latte,1,"3,75","3,75"
1343,2023-01-03,Lower Manhattan,Tea,Lemon Grass Lg,1,3,3
1344,2023-01-03,Lower Manhattan,Bakery,Ginger Biscotti,1,"3,5","3,5"
1345,2023-01-03,Hell's Kitchen,Coffee,Espresso shot,1,3,3
1346,2023-01-03,Astoria,Tea,Earl Grey Rg,2,"2,5",5
1347,2023-01-03,Hell's Kitchen,Coffee,Columbian Medium Roast Rg,1,"2,5","2,5"
1348,2023-01-03,Astoria,Tea,Morning Sunrise Chai Lg,1,4,4
1349,2023-01-03,Hell's Kitchen,Tea,Morning Sunrise Chai Rg,1,"2,5","2,5"
1350,2023-01-03,Astoria,Tea,Lemon Grass Lg,2,3,6
1351,2023-01-03,Astoria,Coffee,Brazilian Rg,2,3,6
1352,2023-01-03,Hell's Kitchen,Tea,Lemon Grass Rg,2,"2,5",5
1353,2023-01-03,Hell's Kitchen,Bakery,Almond Croissant,1,"3,75","3,75"
1354,2023-01-03,Astoria,Tea,Morning Sunrise Chai Rg,1,"2,5","2,5"
1355,2023-01-03,Astoria,Bakery,Croissant,1,"3,5","3,5"
1356,2023-01-03,Astoria,Coffee,Brazilian Lg,2,"3,5",7
1357,2023-01-03,Astoria,Tea,English Breakfast Rg,2,"2,5",5
1358,2023-01-03,Astoria,Tea,Spicy Eye Opener Chai Lg,2,"3,1","6,2"
1359,2023-01-03,Hell's Kitchen,Tea,Spicy Eye Opener Chai Lg,1,"3,1","3,1"
1360,2023-01-03,Astoria,Tea,Peppermint Lg,1,3,3
1361,2023-01-03,Hell's Kitchen,Coffee,Columbian Medium Roast Lg,1,3,3
1362,2023-01-03,Astoria,Tea,Morning Sunrise Chai Lg,1,4,4
1363,2023-01-03,Astoria,Coffee,Brazilian Rg,2,3,6
1364,2023-01-03,Astoria,Tea,English Breakfast Lg,2,3,6
1365,2023-01-03,Astoria,Tea,Spicy Eye Opener Chai Rg,1,"2,55","2,55"
1366,2023-01-03,Lower Manhattan,Coffee,Latte,2,"3,75","7,5"
1367,2023-01-03,Astoria,Drinking Chocolate,Dark chocolate Lg,2,"4,5",9
1368,2023-01-03,Astoria,Tea,English Breakfast Lg,2,3,6
1369,2023-01-03,Astoria,Coffee,Espresso shot,1,3,3
1370,2023-01-03,Hell's Kitchen,Coffee,Latte Rg,1,"4,25","4,25"
1371,2023-01-03,Hell's Kitchen,Tea,Lemon Grass Rg,1,"2,5","2,5"
1372,2023-01-03,Hell's Kitchen,Tea,Spicy Eye Opener Chai Rg,1,"2,55","2,55"
1373,2023-01-03,Hell's Kitchen,Coffee,Latte Rg,1,"4,25","4,25"
1374,2023-01-03,Astoria,Coffee,Our Old Time Diner Blend Lg,2,3,6
1375,2023-01-03,Lower Manhattan,Tea,Morning Sunrise Chai Rg,2,"2,5",5
1376,2023-01-03,Lower Manhattan,Bakery,Ginger Scone,1,"3,25","3,25"
1377,2023-01-03,Lower Manhattan,Tea,English Breakfast Rg,2,"2,5",5
1378,2023-01-03,Astoria,Tea,Spicy Eye Opener Chai Lg,2,"3,1","6,2"
1379,2023-01-03,Hell's Kitchen,Tea,Morning Sunrise Chai Rg,2,"2,5",5
1380,2023-01-03,Lower Manhattan,Coffee,Cappuccino Lg,1,"4,25","4,25"
1381,2023-01-03,Lower Manhattan,Coffee,Jamaican Coffee River Rg,2,"3,1","6,2"
1382,2023-01-03,Lower Manhattan,Bakery,Chocolate Croissant,1,"3,75","3,75"
1383,2023-01-03,Astoria,Tea,Spicy Eye Opener Chai Lg,2,"3,1","6,2"
1384,2023-01-03,Lower Manhattan,Drinking Chocolate,Dark chocolate Lg,2,"4,5",9
1385,2023-01-03,Astoria,Coffee,Latte,2,"3,75","7,5"
1386,2023-01-03,Lower Manhattan,Coffee,Jamaican Coffee River Lg,2,"3,75","7,5"
1387,2023-01-03,Lower Manhattan,Bakery,Jumbo Savory Scone,1,"3,75","3,75"
1388,2023-01-03,Lower Manhattan,Coffee,Brazilian Rg,2,3,6
1389,2023-01-03,Astoria,Coffee,Ethiopia Rg,2,3,6
1390,2023-01-03,Hell's Kitchen,Tea,Lemon Grass Rg,2,"2,5",5
1391,2023-01-03,Hell's Kitchen,Coffee,Our Old Time Diner Blend Rg,2,"2,5",5
1392,2023-01-03,Hell's Kitchen,Bakery,Ginger Biscotti,1,"3,5","3,5"
1393,2023-01-03,Hell's Kitchen,Coffee,Jamaican Coffee River Rg,1,"3,1","3,1"
1394,2023-01-03,Hell's Kitchen,Tea,Traditional Blend Chai Rg,2,"2,5",5
1395,2023-01-03,Astoria,Coffee,Brazilian Lg,2,"3,5",7
1396,2023-01-03,Hell's Kitchen,Coffee,Espresso shot,1,3,3
1397,2023-01-03,Astoria,Coffee,Espresso shot,2,3,6
1398,2023-01-03,Hell's Kitchen,Tea,Peppermint Lg,2,3,6
1399,2023-01-03,Hell's Kitchen,Coffee,Brazilian Sm,1,"2,2","2,2"
1400,2023-01-03,Lower Manhattan,Coffee,Ethiopia Sm,2,"2,2","4,4"
1401,2023-01-03,Astoria,Coffee,Cappuccino Lg,1,"4,25","4,25"
1402,2023-01-03,Astoria,Coffee,Cappuccino,1,"3,75","3,75"
1403,2023-01-03,Astoria,Bakery,Ginger Biscotti,1,"3,5","3,5"
1404,2023-01-03,Astoria,Coffee,Jamaican Coffee River Lg,2,"3,75","7,5"
1405,2023-01-03,Lower Manhattan,Tea,Earl Grey Lg,1,3,3
1406,2023-01-03,Hell's Kitchen,Drinking Chocolate,Dark chocolate Lg,2,"4,5",9
1407,2023-01-03,Astoria,Coffee,Brazilian Lg,1,"3,5","3,5"
1408,2023-01-03,Astoria,Bakery,Cranberry Scone,1,"3,25","3,25"
1409,2023-01-03,Astoria,Coffee,Espresso shot,1,3,3
1410,2023-01-03,Astoria,Coffee,Brazilian Rg,2,3,6
1411,2023-01-03,Astoria,Tea,Morning Sunrise Chai Lg,1,4,4
1412,2023-01-03,Astoria,Bakery,Chocolate Chip Biscotti,1,"3,5","3,5"
1413,2023-01-03,Hell's Kitchen,Coffee,Our Old Time Diner Blend Lg,2,3,6
1414,2023-01-03,Hell's Kitchen,Bakery,"Scottish Cream Scone ",1,"4,5","4,5"
1415,2023-01-03,Lower Manhattan,Tea,Spicy Eye Opener Chai Rg,2,"2,55","5,1"
1416,2023-01-03,Hell's Kitchen,Coffee,Brazilian Lg,1,"3,5","3,5"
1417,2023-01-03,Hell's Kitchen,Drinking Chocolate,Sustainably Grown Organic Rg,1,"3,75","3,75"
1418,2023-01-03,Hell's Kitchen,Coffee,Ouro Brasileiro shot,2,3,6
1419,2023-01-03,Lower Manhattan,Tea,Serenity Green Tea Lg,2,3,6
1420,2023-01-03,Hell's Kitchen,Coffee,Jamaican Coffee River Rg,2,"3,1","6,2"
1421,2023-01-03,Hell's Kitchen,Bakery,Ginger Scone,1,"3,25","3,25"
1422,2023-01-03,Astoria,Tea,Peppermint Rg,2,"2,5",5
1423,2023-01-03,Astoria,Tea,Lemon Grass Rg,1,"2,5","2,5"
1424,2023-01-03,Hell's Kitchen,Tea,Peppermint Rg,1,"2,5","2,5"
1425,2023-01-03,Astoria,Coffee,Jamaican Coffee River Sm,1,"2,45","2,45"
1426,2023-01-03,Lower Manhattan,Tea,Earl Grey Lg,1,3,3
1427,2023-01-03,Astoria,Tea,Morning Sunrise Chai Rg,1,"2,5","2,5"
1428,2023-01-03,Hell's Kitchen,Tea,Traditional Blend Chai Rg,1,"2,5","2,5"
1429,2023-01-03,Lower Manhattan,Tea,Spicy Eye Opener Chai Lg,2,"3,1","6,2"
1430,2023-01-03,Lower Manhattan,Coffee,Jamaican Coffee River Lg,2,"3,75","7,5"
1431,2023-01-03,Hell's Kitchen,Coffee,Cappuccino Lg,1,"4,25","4,25"
1432,2023-01-03,Hell's Kitchen,Bakery,Chocolate Chip Biscotti,1,"3,5","3,5"
1433,2023-01-03,Astoria,Tea,English Breakfast Rg,1,"2,5","2,5"
1434,2023-01-03,Astoria,Bakery,Cranberry Scone,1,"3,25","3,25"
1435,2023-01-03,Astoria,Coffee,Our Old Time Diner Blend Lg,1,3,3
1436,2023-01-03,Astoria,Tea,Traditional Blend Chai Lg,1,3,3
1437,2023-01-03,Lower Manhattan,Tea,Lemon Grass Lg,2,3,6
1438,2023-01-03,Hell's Kitchen,Coffee,Ouro Brasileiro shot,2,3,6
1439,2023-01-03,Astoria,Coffee,Brazilian Sm,1,"2,2","2,2"
1440,2023-01-03,Lower Manhattan,Tea,English Breakfast Lg,1,3,3
1441,2023-01-03,Lower Manhattan,Bakery,Croissant,1,"3,5","3,5"
1442,2023-01-03,Astoria,Tea,Serenity Green Tea Lg,1,3,3
1443,2023-01-03,Astoria,Tea,Serenity Green Tea Rg,1,"2,5","2,5"
1444,2023-01-03,Astoria,Bakery,Hazelnut Biscotti,1,"3,25","3,25"
1445,2023-01-03,Lower Manhattan,Coffee,Ethiopia Rg,2,3,6
1446,2023-01-03,Hell's Kitchen,Coffee,Columbian Medium Roast Lg,2,3,6
1447,2023-01-03,Hell's Kitchen,Tea,English Breakfast Rg,2,"2,5",5
1448,2023-01-03,Hell's Kitchen,Bakery,Oatmeal Scone,1,3,3
1449,2023-01-03,Astoria,Tea,English Breakfast Rg,2,"2,5",5
1450,2023-01-03,Lower Manhattan,Coffee,Espresso shot,2,3,6
1451,2023-01-03,Hell's Kitchen,Tea,Peppermint Lg,2,3,6
1452,2023-01-03,Astoria,Tea,Spicy Eye Opener Chai Lg,1,"3,1","3,1"
1453,2023-01-03,Lower Manhattan,Coffee,Jamaican Coffee River Sm,2,"2,45","4,9"
1454,2023-01-03,Lower Manhattan,Drinking Chocolate,Dark chocolate Rg,1,"3,5","3,5"
1455,2023-01-03,Lower Manhattan,Bakery,"Scottish Cream Scone ",1,"4,5","4,5"
1456,2023-01-03,Hell's Kitchen,Coffee,Ethiopia Rg,2,3,6
1457,2023-01-03,Lower Manhattan,Tea,Serenity Green Tea Lg,1,3,3
1458,2023-01-03,Lower Manhattan,Bakery,Jumbo Savory Scone,1,"3,75","3,75"
1459,2023-01-03,Hell's Kitchen,Tea,English Breakfast Rg,1,"2,5","2,5"
1460,2023-01-03,Astoria,Tea,Morning Sunrise Chai Rg,2,"2,5",5
1461,2023-01-03,Astoria,Coffee,Columbian Medium Roast Rg,1,"2,5","2,5"
1462,2023-01-03,Astoria,Coffee,Cappuccino Lg,2,"4,25","8,5"
1463,2023-01-03,Astoria,Coffee,Columbian Medium Roast Rg,2,"2,5",5
1464,2023-01-03,Hell's Kitchen,Coffee,Latte,2,"3,75","7,5"
1465,2023-01-03,Lower Manhattan,Coffee,Ethiopia Sm,2,"2,2","4,4"
1466,2023-01-03,Astoria,Coffee,Brazilian Lg,2,"3,5",7
1467,2023-01-03,Lower Manhattan,Coffee,Our Old Time Diner Blend Sm,2,2,4
1468,2023-01-03,Astoria,Coffee,Brazilian Sm,2,"2,2","4,4"
1469,2023-01-03,Astoria,Bakery,Jumbo Savory Scone,1,"3,75","3,75"
1470,2023-01-03,Astoria,Coffee,Our Old Time Diner Blend Sm,2,2,4
1471,2023-01-03,Hell's Kitchen,Tea,Morning Sunrise Chai Rg,1,"2,5","2,5"
1472,2023-01-03,Hell's Kitchen,Bakery,Ginger Biscotti,1,"3,5","3,5"
1473,2023-01-03,Lower Manhattan,Coffee,Latte,2,"3,75","7,5"
1474,2023-01-03,Hell's Kitchen,Coffee,Ethiopia Sm,1,"2,2","2,2"
1475,2023-01-03,Astoria,Tea,Lemon Grass Lg,2,3,6
1476,2023-01-03,Astoria,Tea,Traditional Blend Chai Lg,1,3,3
1477,2023-01-03,Hell's Kitchen,Tea,Peppermint Rg,1,"2,5","2,5"
1478,2023-01-03,Astoria,Drinking Chocolate,Sustainably Grown Organic Rg,1,"3,75","3,75"
1479,2023-01-03,Astoria,Bakery,Hazelnut Biscotti,1,"3,25","3,25"
1480,2023-01-03,Hell's Kitchen,Coffee,Our Old Time Diner Blend Rg,1,"2,5","2,5"
1481,2023-01-03,Hell's Kitchen,Tea,Lemon Grass Lg,2,3,6
1482,2023-01-03,Astoria,Tea,Morning Sunrise Chai Lg,1,4,4
1483,2023-01-03,Astoria,Tea,Morning Sunrise Chai Rg,2,"2,5",5
1484,2023-01-03,Hell's Kitchen,Drinking Chocolate,Dark chocolate Rg,1,"3,5","3,5"
1485,2023-01-03,Lower Manhattan,Coffee,Columbian Medium Roast Rg,2,"2,5",5
1486,2023-01-03,Hell's Kitchen,Coffee,Ouro Brasileiro shot,1,3,3
1487,2023-01-03,Hell's Kitchen,Bakery,Oatmeal Scone,1,3,3
1488,2023-01-03,Hell's Kitchen,Drinking Chocolate,Sustainably Grown Organic Lg,2,"4,75","9,5"
1489,2023-01-03,Hell's Kitchen,Bakery,Chocolate Chip Biscotti,1,"3,5","3,5"
1490,2023-01-03,Lower Manhattan,Tea,Morning Sunrise Chai Rg,2,"2,5",5
1491,2023-01-03,Hell's Kitchen,Drinking Chocolate,Dark chocolate Lg,1,"4,5","4,5"
1492,2023-01-03,Lower Manhattan,Tea,Morning Sunrise Chai Lg,2,4,8
1493,2023-01-03,Lower Manhattan,Drinking Chocolate,Dark chocolate Lg,1,"4,5","4,5"
1494,2023-01-03,Hell's Kitchen,Coffee,Brazilian Lg,1,"3,5","3,5"
1495,2023-01-03,Astoria,Tea,Lemon Grass Lg,1,3,3
1496,2023-01-03,Astoria,Tea,Spicy Eye Opener Chai Rg,1,"2,55","2,55"
1497,2023-01-03,Hell's Kitchen,Coffee,Jamaican Coffee River Sm,1,"2,45","2,45"
1498,2023-01-03,Lower Manhattan,Coffee,Columbian Medium Roast Lg,1,3,3
1499,2023-01-03,Lower Manhattan,Drinking Chocolate,Dark chocolate Rg,1,"3,5","3,5"
1500,2023-01-03,Hell's Kitchen,Tea,Serenity Green Tea Rg,2,"2,5",5
1501,2023-01-03,Lower Manhattan,Coffee,Ouro Brasileiro shot,2,3,6
1502,2023-01-03,Astoria,Drinking Chocolate,Dark chocolate Lg,2,"4,5",9
1503,2023-01-03,Astoria,Coffee,Cappuccino,2,"3,75","7,5"
1504,2023-01-03,Hell's Kitchen,Coffee,Our Old Time Diner Blend Lg,2,3,6
1505,2023-01-03,Lower Manhattan,Coffee,Brazilian Rg,1,3,3
1506,2023-01-03,Astoria,Coffee,Brazilian Sm,1,"2,2","2,2"
1507,2023-01-03,Astoria,Coffee,Brazilian Lg,2,"3,5",7
1508,2023-01-03,Lower Manhattan,Coffee,Latte,2,"3,75","7,5"
1509,2023-01-03,Hell's Kitchen,Tea,Serenity Green Tea Lg,1,3,3
1510,2023-01-03,Astoria,Tea,Serenity Green Tea Lg,1,3,3
1511,2023-01-03,Astoria,Bakery,Chocolate Chip Biscotti,1,"3,5","3,5"
1512,2023-01-03,Lower Manhattan,Tea,Peppermint Lg,1,3,3
1513,2023-01-03,Astoria,Drinking Chocolate,Dark chocolate Rg,1,"3,5","3,5"
1514,2023-01-03,Hell's Kitchen,Drinking Chocolate,Sustainably Grown Organic Rg,1,"3,75","3,75"
1515,2023-01-03,Hell's Kitchen,Bakery,Chocolate Chip Biscotti,1,"3,5","3,5"
1516,2023-01-03,Astoria,Tea,Lemon Grass Lg,1,3,3
1517,2023-01-03,Hell's Kitchen,Tea,Serenity Green Tea Rg,1,"2,5","2,5"
1518,2023-01-03,Astoria,Coffee,Espresso shot,1,3,3
1519,2023-01-03,Hell's Kitchen,Tea,Serenity Green Tea Rg,2,"2,5",5
1520,2023-01-03,Lower Manhattan,Coffee,Latte Rg,1,"4,25","4,25"
1521,2023-01-03,Lower Manhattan,Bakery,Oatmeal Scone,1,3,3
1522,2023-01-03,Hell's Kitchen,Coffee,Brazilian Sm,2,"2,2","4,4"
1523,2023-01-03,Hell's Kitchen,Tea,Traditional Blend Chai Lg,2,3,6
1524,2023-01-03,Hell's Kitchen,Bakery,Croissant,1,"3,5","3,5"
1525,2023-01-03,Hell's Kitchen,Tea,Traditional Blend Chai Lg,1,3,3
1526,2023-01-03,Astoria,Tea,English Breakfast Lg,2,3,6
1527,2023-01-03,Hell's Kitchen,Tea,Serenity Green Tea Rg,2,"2,5",5
1528,2023-01-03,Lower Manhattan,Coffee,Brazilian Lg,2,"3,5",7
1529,2023-01-03,Lower Manhattan,Bakery,Ginger Scone,1,"3,25","3,25"
1530,2023-01-03,Astoria,Tea,Morning Sunrise Chai Rg,1,"2,5","2,5"
1531,2023-01-03,Astoria,Coffee,Jamaican Coffee River Lg,2,"3,75","7,5"
1532,2023-01-03,Hell's Kitchen,Tea,Earl Grey Rg,1,"2,5","2,5"
1533,2023-01-03,Hell's Kitchen,Coffee,Ethiopia Rg,1,3,3
1534,2023-01-03,Hell's Kitchen,Bakery,Chocolate Croissant,1,"3,75","3,75"
1535,2023-01-03,Astoria,Tea,Morning Sunrise Chai Rg,1,"2,5","2,5"
1536,2023-01-03,Astoria,Tea,Earl Grey Lg,2,3,6
1537,2023-01-03,Lower Manhattan,Coffee,Columbian Medium Roast Lg,1,3,3
1538,2023-01-03,Lower Manhattan,Drinking Chocolate,Sustainably Grown Organic Lg,1,"4,75","4,75"
1539,2023-01-03,Lower Manhattan,Bakery,Croissant,1,"3,5","3,5"
1540,2023-01-03,Hell's Kitchen,Coffee,Ethiopia Rg,1,3,3
1541,2023-01-03,Hell's Kitchen,Bakery,Jumbo Savory Scone,1,"3,75","3,75"
1542,2023-01-03,Astoria,Coffee,Jamaican Coffee River Lg,2,"3,75","7,5"
1543,2023-01-03,Hell's Kitchen,Coffee,Columbian Medium Roast Sm,2,2,4
1544,2023-01-03,Hell's Kitchen,Bakery,Almond Croissant,1,"3,75","3,75"
1545,2023-01-03,Lower Manhattan,Coffee,Ethiopia Rg,1,3,3
1546,2023-01-03,Hell's Kitchen,Coffee,Brazilian Rg,2,3,6
1547,2023-01-03,Hell's Kitchen,Coffee,Ethiopia Lg,1,"3,5","3,5"
1548,2023-01-03,Astoria,Coffee,Brazilian Sm,2,"2,2","4,4"
1549,2023-01-03,Lower Manhattan,Tea,Morning Sunrise Chai Rg,1,"2,5","2,5"
1550,2023-01-03,Astoria,Coffee,Our Old Time Diner Blend Sm,1,2,2
1551,2023-01-03,Lower Manhattan,Tea,Serenity Green Tea Rg,1,"2,5","2,5"
1552,2023-01-03,Lower Manhattan,Bakery,Chocolate Croissant,1,"3,75","3,75"
1553,2023-01-03,Astoria,Tea,Spicy Eye Opener Chai Lg,2,"3,1","6,2"
1554,2023-01-03,Lower Manhattan,Tea,Peppermint Lg,1,3,3
1555,2023-01-03,Hell's Kitchen,Drinking Chocolate,Sustainably Grown Organic Lg,1,"4,75","4,75"
1556,2023-01-03,Lower Manhattan,Coffee,Our Old Time Diner Blend Rg,2,"2,5",5
1557,2023-01-03,Lower Manhattan,Bakery,Oatmeal Scone,1,3,3
1558,2023-01-03,Astoria,Coffee,Columbian Medium Roast Lg,1,3,3
1559,2023-01-03,Hell's Kitchen,Coffee,Our Old Time Diner Blend Sm,2,2,4
1560,2023-01-03,Hell's Kitchen,Tea,Serenity Green Tea Lg,2,3,6
1561,2023-01-03,Hell's Kitchen,Tea,Traditional Blend Chai Lg,2,3,6
1562,2023-01-03,Hell's Kitchen,Drinking Chocolate,Sustainably Grown Organic Lg,1,"4,75","4,75"
1563,2023-01-03,Astoria,Coffee,Jamaican Coffee River Sm,1,"2,45","2,45"
1564,2023-01-03,Lower Manhattan,Tea,Spicy Eye Opener Chai Lg,2,"3,1","6,2"
1565,2023-01-03,Lower Manhattan,Coffee,Brazilian Sm,1,"2,2","2,2"
1566,2023-01-03,Lower Manhattan,Bakery,Jumbo Savory Scone,1,"3,75","3,75"
1567,2023-01-03,Astoria,Coffee,Cappuccino Lg,1,"4,25","4,25"
1568,2023-01-03,Astoria,Coffee,Ethiopia Sm,1,"2,2","2,2"
1569,2023-01-03,Lower Manhattan,Drinking Chocolate,Dark chocolate Rg,1,"3,5","3,5"
1570,2023-01-03,Hell's Kitchen,Drinking Chocolate,Dark chocolate Rg,2,"3,5",7
1571,2023-01-03,Hell's Kitchen,Bakery,"Scottish Cream Scone ",1,"4,5","4,5"
1572,2023-01-03,Lower Manhattan,Tea,Spicy Eye Opener Chai Rg,1,"2,55","2,55"
1573,2023-01-03,Hell's Kitchen,Coffee,Latte Rg,2,"4,25","8,5"
1574,2023-01-03,Hell's Kitchen,Tea,Spicy Eye Opener Chai Lg,1,"3,1","3,1"
1575,2023-01-03,Lower Manhattan,Coffee,Brazilian Sm,1,"2,2","2,2"
1576,2023-01-03,Hell's Kitchen,Tea,Traditional Blend Chai Rg,1,"2,5","2,5"
1577,2023-01-03,Astoria,Tea,Lemon Grass Rg,1,"2,5","2,5"
1578,2023-01-03,Lower Manhattan,Tea,Morning Sunrise Chai Rg,2,"2,5",5
1579,2023-01-03,Lower Manhattan,Tea,Spicy Eye Opener Chai Rg,1,"2,55","2,55"
1580,2023-01-03,Lower Manhattan,Coffee,Ouro Brasileiro shot,2,3,6
1581,2023-01-03,Hell's Kitchen,Tea,Traditional Blend Chai Rg,1,"2,5","2,5"
1582,2023-01-03,Hell's Kitchen,Bakery,Croissant,1,"3,5","3,5"
1583,2023-01-03,Astoria,Drinking Chocolate,Sustainably Grown Organic Rg,1,"3,75","3,75"
1584,2023-01-03,Hell's Kitchen,Tea,Traditional Blend Chai Rg,2,"2,5",5
1585,2023-01-03,Astoria,Drinking Chocolate,Sustainably Grown Organic Rg,2,"3,75","7,5"
1586,2023-01-03,Astoria,Tea,English Breakfast Rg,2,"2,5",5
1587,2023-01-03,Astoria,Coffee,Columbian Medium Roast Sm,2,2,4
1588,2023-01-03,Hell's Kitchen,Coffee,Brazilian Sm,2,"2,2","4,4"
1589,2023-01-03,Lower Manhattan,Coffee,Columbian Medium Roast Sm,1,2,2
1590,2023-01-03,Lower Manhattan,Coffee,Brazilian Lg,2,"3,5",7
1591,2023-01-03,Lower Manhattan,Bakery,Oatmeal Scone,1,3,3
1592,2023-01-03,Hell's Kitchen,Tea,Spicy Eye Opener Chai Rg,1,"2,55","2,55"
1593,2023-01-03,Lower Manhattan,Drinking Chocolate,Sustainably Grown Organic Lg,1,"4,75","4,75"
1594,2023-01-03,Hell's Kitchen,Tea,Earl Grey Rg,2,"2,5",5
1595,2023-01-03,Hell's Kitchen,Bakery,Hazelnut Biscotti,1,"3,25","3,25"
1596,2023-01-03,Hell's Kitchen,Coffee,Espresso shot,2,3,6
1597,2023-01-03,Astoria,Tea,English Breakfast Rg,1,"2,5","2,5"
1598,2023-01-03,Hell's Kitchen,Drinking Chocolate,Dark chocolate Lg,1,"4,5","4,5"
1599,2023-01-03,Hell's Kitchen,Tea,Serenity Green Tea Rg,2,"2,5",5
1600,2023-01-03,Astoria,Tea,Earl Grey Rg,1,"2,5","2,5"
1601,2023-01-03,Astoria,Bakery,Hazelnut Biscotti,1,"3,25","3,25"
1602,2023-01-03,Astoria,Tea,Earl Grey Rg,1,"2,5","2,5"
1603,2023-01-03,Lower Manhattan,Coffee,Latte Rg,2,"4,25","8,5"
1604,2023-01-03,Hell's Kitchen,Coffee,Our Old Time Diner Blend Lg,1,3,3
1605,2023-01-03,Astoria,Tea,Morning Sunrise Chai Rg,1,"2,5","2,5"
1606,2023-01-03,Astoria,Coffee,Cappuccino Lg,1,"4,25","4,25"
1607,2023-01-03,Astoria,Coffee,Jamaican Coffee River Rg,1,"3,1","3,1"
1608,2023-01-03,Lower Manhattan,Tea,Peppermint Lg,2,3,6
1609,2023-01-03,Astoria,Coffee,Latte,1,"3,75","3,75"
1610,2023-01-03,Astoria,Tea,Traditional Blend Chai Rg,1,"2,5","2,5"
1611,2023-01-03,Lower Manhattan,Drinking Chocolate,Dark chocolate Rg,2,"3,5",7
1612,2023-01-03,Astoria,Coffee,Ethiopia Sm,1,"2,2","2,2"
1613,2023-01-03,Astoria,Coffee,Latte,1,"3,75","3,75"
1614,2023-01-03,Lower Manhattan,Tea,Earl Grey Lg,1,3,3
1615,2023-01-03,Lower Manhattan,Tea,Earl Grey Lg,1,3,3
1616,2023-01-03,Hell's Kitchen,Coffee,Cappuccino,2,"3,75","7,5"
1617,2023-01-03,Hell's Kitchen,Bakery,Almond Croissant,1,"3,75","3,75"
1618,2023-01-03,Astoria,Coffee,Latte Rg,1,"4,25","4,25"
1619,2023-01-03,Astoria,Coffee,Espresso shot,2,3,6
1620,2023-01-03,Astoria,Tea,English Breakfast Lg,1,3,3
1621,2023-01-03,Astoria,Tea,Lemon Grass Rg,1,"2,5","2,5"
1622,2023-01-03,Astoria,Coffee,Columbian Medium Roast Lg,1,3,3
1623,2023-01-03,Astoria,Coffee,Ethiopia Sm,1,"2,2","2,2"
1624,2023-01-03,Hell's Kitchen,Coffee,Latte,2,"3,75","7,5"
1625,2023-01-03,Astoria,Drinking Chocolate,Dark chocolate Lg,2,"4,5",9
1626,2023-01-03,Astoria,Tea,Lemon Grass Rg,1,"2,5","2,5"
1627,2023-01-03,Astoria,Drinking Chocolate,Dark chocolate Rg,1,"3,5","3,5"
1628,2023-01-03,Astoria,Drinking Chocolate,Dark chocolate Lg,2,"4,5",9
1629,2023-01-03,Lower Manhattan,Tea,Earl Grey Lg,1,3,3
1630,2023-01-03,Lower Manhattan,Bakery,Ginger Biscotti,1,"3,5","3,5"
1631,2023-01-03,Hell's Kitchen,Coffee,Ethiopia Sm,2,"2,2","4,4"
1632,2023-01-03,Hell's Kitchen,Coffee,Brazilian Sm,2,"2,2","4,4"
1633,2023-01-03,Astoria,Tea,Spicy Eye Opener Chai Lg,1,"3,1","3,1"
1634,2023-01-03,Astoria,Tea,Serenity Green Tea Lg,1,3,3
1635,2023-01-03,Astoria,Coffee,Columbian Medium Roast Lg,2,3,6
1636,2023-01-03,Astoria,Coffee,Our Old Time Diner Blend Rg,2,"2,5",5
1637,2023-01-03,Astoria,Tea,Earl Grey Lg,2,3,6
1638,2023-01-03,Astoria,Coffee,Brazilian Sm,1,"2,2","2,2"
1639,2023-01-03,Astoria,Drinking Chocolate,Dark chocolate Rg,1,"3,5","3,5"
1640,2023-01-03,Hell's Kitchen,Tea,Lemon Grass Lg,1,3,3
1641,2023-01-03,Hell's Kitchen,Tea,Traditional Blend Chai Rg,2,"2,5",5
1642,2023-01-03,Hell's Kitchen,Coffee,Espresso shot,1,3,3
1643,2023-01-03,Hell's Kitchen,Coffee,Ouro Brasileiro shot,1,3,3
1644,2023-01-03,Astoria,Coffee,Jamaican Coffee River Rg,2,"3,1","6,2"
1645,2023-01-03,Astoria,Coffee,Latte Rg,1,"4,25","4,25"
1646,2023-01-03,Hell's Kitchen,Coffee,Brazilian Lg,2,"3,5",7
1647,2023-01-03,Hell's Kitchen,Bakery,Croissant,1,"3,5","3,5"
1648,2023-01-03,Astoria,Tea,Spicy Eye Opener Chai Rg,1,"2,55","2,55"
1649,2023-01-03,Astoria,Bakery,Jumbo Savory Scone,1,"3,75","3,75"
1650,2023-01-03,Astoria,Coffee,Ethiopia Rg,1,3,3
1651,2023-01-03,Astoria,Coffee,Cappuccino Lg,1,"4,25","4,25"
1652,2023-01-03,Astoria,Tea,Traditional Blend Chai Lg,2,3,6
1653,2023-01-03,Hell's Kitchen,Tea,English Breakfast Rg,1,"2,5","2,5"
1654,2023-01-03,Astoria,Coffee,Latte Rg,1,"4,25","4,25"
1655,2023-01-03,Astoria,Tea,Peppermint Lg,1,3,3
1656,2023-01-03,Astoria,Coffee,Brazilian Sm,2,"2,2","4,4"
1657,2023-01-03,Hell's Kitchen,Tea,Earl Grey Lg,1,3,3
1658,2023-01-03,Astoria,Coffee,Jamaican Coffee River Sm,1,"2,45","2,45"
1659,2023-01-03,Hell's Kitchen,Tea,English Breakfast Lg,1,3,3
1660,2023-01-03,Hell's Kitchen,Tea,Lemon Grass Lg,2,3,6
1661,2023-01-03,Astoria,Coffee,Jamaican Coffee River Sm,1,"2,45","2,45"
1662,2023-01-03,Astoria,Bakery,"Scottish Cream Scone ",1,"4,5","4,5"
1663,2023-01-03,Astoria,Tea,Earl Grey Rg,1,"2,5","2,5"
1664,2023-01-03,Astoria,Drinking Chocolate,Sustainably Grown Organic Rg,1,"3,75","3,75"
1665,2023-01-03,Astoria,Tea,Morning Sunrise Chai Lg,1,4,4
1666,2023-01-03,Astoria,Bakery,Chocolate Croissant,1,"3,75","3,75"
1667,2023-01-03,Astoria,Tea,English Breakfast Rg,1,"2,5","2,5"
1668,2023-01-03,Astoria,Tea,Traditional Blend Chai Lg,1,3,3
1669,2023-01-03,Astoria,Coffee,Columbian Medium Roast Rg,1,"2,5","2,5"
1670,2023-01-03,Hell's Kitchen,Coffee,Jamaican Coffee River Rg,1,"3,1","3,1"
1671,2023-01-03,Hell's Kitchen,Coffee,Brazilian Lg,2,"3,5",7
1672,2023-01-03,Hell's Kitchen,Tea,Earl Grey Rg,2,"2,5",5
1673,2023-01-03,Astoria,Tea,Morning Sunrise Chai Rg,1,"2,5","2,5"
1674,2023-01-03,Hell's Kitchen,Drinking Chocolate,Sustainably Grown Organic Lg,2,"4,75","9,5"
1675,2023-01-03,Astoria,Coffee,Jamaican Coffee River Sm,1,"2,45","2,45"
1676,2023-01-03,Hell's Kitchen,Tea,Peppermint Rg,2,"2,5",5
1677,2023-01-03,Astoria,Tea,Serenity Green Tea Rg,1,"2,5","2,5"
1678,2023-01-03,Astoria,Bakery,Chocolate Croissant,1,"3,75","3,75"
1679,2023-01-03,Hell's Kitchen,Tea,Serenity Green Tea Rg,1,"2,5","2,5"
1680,2023-01-03,Astoria,Tea,Serenity Green Tea Lg,2,3,6
1681,2023-01-03,Astoria,Coffee,Ethiopia Rg,1,3,3
1682,2023-01-03,Hell's Kitchen,Drinking Chocolate,Sustainably Grown Organic Lg,1,"4,75","4,75"
1683,2023-01-03,Astoria,Tea,Serenity Green Tea Rg,1,"2,5","2,5"
1684,2023-01-03,Astoria,Coffee,Our Old Time Diner Blend Sm,2,2,4
1685,2023-01-03,Astoria,Drinking Chocolate,Sustainably Grown Organic Lg,2,"4,75","9,5"
1686,2023-01-03,Hell's Kitchen,Tea,Spicy Eye Opener Chai Lg,1,"3,1","3,1"
1687,2023-01-03,Hell's Kitchen,Coffee,Brazilian Sm,2,"2,2","4,4"
1688,2023-01-03,Hell's Kitchen,Coffee,Jamaican Coffee River Sm,2,"2,45","4,9"
1689,2023-01-03,Hell's Kitchen,Bakery,Jumbo Savory Scone,1,"3,75","3,75"
1690,2023-01-03,Astoria,Drinking Chocolate,Sustainably Grown Organic Lg,1,"4,75","4,75"
1691,2023-01-03,Astoria,Bakery,Ginger Scone,1,"3,25","3,25"
1692,2023-01-03,Astoria,Coffee,Latte Rg,2,"4,25","8,5"
1693,2023-01-03,Hell's Kitchen,Drinking Chocolate,Sustainably Grown Organic Lg,2,"4,75","9,5"
1694,2023-01-03,Astoria,Coffee,Columbian Medium Roast Rg,1,"2,5","2,5"
1695,2023-01-03,Astoria,Bakery,Ginger Scone,1,"3,25","3,25"
1696,2023-01-03,Hell's Kitchen,Tea,Spicy Eye Opener Chai Rg,1,"2,55","2,55"
1697,2023-01-03,Hell's Kitchen,Tea,Traditional Blend Chai Rg,2,"2,5",5
1698,2023-01-03,Astoria,Coffee,Ethiopia Lg,1,"3,5","3,5"
1699,2023-01-04,Lower Manhattan,Coffee,Our Old Time Diner Blend Sm,1,2,2
1700,2023-01-04,Lower Manhattan,Tea,Lemon Grass Rg,1,"2,5","2,5"
1701,2023-01-04,Lower Manhattan,Coffee,Columbian Medium Roast Lg,1,3,3
1702,2023-01-04,Lower Manhattan,Coffee,Ethiopia Sm,1,"2,2","2,2"
1703,2023-01-04,Lower Manhattan,Tea,Peppermint Lg,1,3,3
1704,2023-01-04,Lower Manhattan,Bakery,Almond Croissant,1,"3,75","3,75"
1705,2023-01-04,Lower Manhattan,Drinking Chocolate,Dark chocolate Rg,2,"3,5",7
1706,2023-01-04,Lower Manhattan,Bakery,Ginger Scone,1,"3,25","3,25"
1707,2023-01-04,Lower Manhattan,Coffee,Our Old Time Diner Blend Rg,2,"2,5",5
1708,2023-01-04,Hell's Kitchen,Coffee,Columbian Medium Roast Rg,2,"2,5",5
1709,2023-01-04,Hell's Kitchen,Bakery,Ginger Scone,1,"3,25","3,25"
1710,2023-01-04,Hell's Kitchen,Drinking Chocolate,Sustainably Grown Organic Lg,1,"4,75","4,75"
1711,2023-01-04,Hell's Kitchen,Bakery,Ginger Scone,1,"3,25","3,25"
1712,2023-01-04,Hell's Kitchen,Coffee,Brazilian Sm,2,"2,2","4,4"
1713,2023-01-04,Hell's Kitchen,Drinking Chocolate,Dark chocolate Rg,2,"3,5",7
1714,2023-01-04,Lower Manhattan,Coffee,Our Old Time Diner Blend Sm,1,2,2
1715,2023-01-04,Hell's Kitchen,Tea,Serenity Green Tea Rg,1,"2,5","2,5"
1716,2023-01-04,Hell's Kitchen,Bakery,Jumbo Savory Scone,1,"3,75","3,75"
1717,2023-01-04,Hell's Kitchen,Coffee,Ethiopia Rg,1,3,3
1718,2023-01-04,Lower Manhattan,Tea,Earl Grey Rg,2,"2,5",5
1719,2023-01-04,Lower Manhattan,Coffee,Brazilian Lg,1,"3,5","3,5"
1720,2023-01-04,Hell's Kitchen,Coffee,Brazilian Lg,2,"3,5",7
1721,2023-01-04,Lower Manhattan,Drinking Chocolate,Sustainably Grown Organic Lg,1,"4,75","4,75"
1722,2023-01-04,Lower Manhattan,Tea,Morning Sunrise Chai Rg,2,"2,5",5
1723,2023-01-04,Lower Manhattan,Bakery,Chocolate Croissant,1,"3,75","3,75"
1724,2023-01-04,Hell's Kitchen,Tea,Serenity Green Tea Rg,1,"2,5","2,5"
1725,2023-01-04,Hell's Kitchen,Coffee,Cappuccino,1,"3,75","3,75"
1726,2023-01-04,Hell's Kitchen,Tea,Serenity Green Tea Lg,1,3,3
1727,2023-01-04,Lower Manhattan,Coffee,Columbian Medium Roast Sm,2,2,4
1728,2023-01-04,Hell's Kitchen,Tea,Peppermint Rg,1,"2,5","2,5"
1729,2023-01-04,Hell's Kitchen,Coffee,Columbian Medium Roast Rg,2,"2,5",5
1730,2023-01-04,Hell's Kitchen,Coffee,Brazilian Lg,2,"3,5",7
1731,2023-01-04,Hell's Kitchen,Tea,Traditional Blend Chai Rg,2,"2,5",5
1732,2023-01-04,Lower Manhattan,Coffee,Latte Rg,1,"4,25","4,25"
1733,2023-01-04,Hell's Kitchen,Coffee,Our Old Time Diner Blend Sm,1,2,2
1734,2023-01-04,Hell's Kitchen,Coffee,Jamaican Coffee River Rg,2,"3,1","6,2"
1735,2023-01-04,Lower Manhattan,Tea,Peppermint Rg,2,"2,5",5
1736,2023-01-04,Lower Manhattan,Tea,Morning Sunrise Chai Lg,2,4,8
1737,2023-01-04,Hell's Kitchen,Tea,Lemon Grass Rg,2,"2,5",5
1738,2023-01-04,Lower Manhattan,Coffee,Brazilian Sm,1,"2,2","2,2"
1739,2023-01-04,Lower Manhattan,Tea,Peppermint Rg,1,"2,5","2,5"
1740,2023-01-04,Lower Manhattan,Bakery,Chocolate Chip Biscotti,1,"3,5","3,5"
1741,2023-01-04,Lower Manhattan,Tea,Earl Grey Rg,2,"2,5",5
1742,2023-01-04,Hell's Kitchen,Tea,Peppermint Rg,1,"2,5","2,5"
1743,2023-01-04,Hell's Kitchen,Tea,Earl Grey Lg,2,3,6
1744,2023-01-04,Hell's Kitchen,Coffee,Brazilian Sm,1,"2,2","2,2"
1745,2023-01-04,Lower Manhattan,Coffee,Jamaican Coffee River Lg,2,"3,75","7,5"
1746,2023-01-04,Lower Manhattan,Tea,Traditional Blend Chai Rg,2,"2,5",5
1747,2023-01-04,Lower Manhattan,Coffee,Brazilian Rg,2,3,6
1748,2023-01-04,Hell's Kitchen,Coffee,Brazilian Rg,1,3,3
1749,2023-01-04,Lower Manhattan,Tea,Earl Grey Rg,1,"2,5","2,5"
1750,2023-01-04,Hell's Kitchen,Coffee,Jamaican Coffee River Rg,2,"3,1","6,2"
1751,2023-01-04,Hell's Kitchen,Coffee,Ethiopia Rg,1,3,3
1752,2023-01-04,Hell's Kitchen,Coffee,Latte Rg,2,"4,25","8,5"
1753,2023-01-04,Lower Manhattan,Tea,Morning Sunrise Chai Rg,2,"2,5",5
1754,2023-01-04,Lower Manhattan,Bakery,Ginger Scone,1,"3,25","3,25"
1755,2023-01-04,Lower Manhattan,Tea,Lemon Grass Lg,1,3,3
1756,2023-01-04,Hell's Kitchen,Coffee,Ethiopia Sm,1,"2,2","2,2"
1757,2023-01-04,Hell's Kitchen,Tea,English Breakfast Rg,1,"2,5","2,5"
1758,2023-01-04,Lower Manhattan,Tea,Serenity Green Tea Lg,1,3,3
1759,2023-01-04,Hell's Kitchen,Coffee,Jamaican Coffee River Sm,2,"2,45","4,9"
1760,2023-01-04,Lower Manhattan,Coffee,Jamaican Coffee River Rg,2,"3,1","6,2"
1761,2023-01-04,Lower Manhattan,Bakery,Hazelnut Biscotti,1,"3,25","3,25"
1762,2023-01-04,Hell's Kitchen,Tea,Morning Sunrise Chai Lg,2,4,8
1763,2023-01-04,Hell's Kitchen,Tea,Morning Sunrise Chai Lg,1,4,4
1764,2023-01-04,Lower Manhattan,Tea,Earl Grey Lg,2,3,6
1765,2023-01-04,Hell's Kitchen,Tea,Earl Grey Lg,1,3,3
1766,2023-01-04,Hell's Kitchen,Coffee,Ouro Brasileiro shot,2,3,6
1767,2023-01-04,Hell's Kitchen,Tea,Spicy Eye Opener Chai Lg,1,"3,1","3,1"
1768,2023-01-04,Lower Manhattan,Coffee,Our Old Time Diner Blend Lg,2,3,6
1769,2023-01-04,Lower Manhattan,Tea,Spicy Eye Opener Chai Rg,2,"2,55","5,1"
1770,2023-01-04,Lower Manhattan,Tea,Serenity Green Tea Rg,2,"2,5",5
1771,2023-01-04,Lower Manhattan,Bakery,Chocolate Croissant,1,"3,75","3,75"
1772,2023-01-04,Hell's Kitchen,Coffee,Latte Rg,2,"4,25","8,5"
1773,2023-01-04,Hell's Kitchen,Coffee,Ethiopia Lg,2,"3,5",7
1774,2023-01-04,Lower Manhattan,Tea,Morning Sunrise Chai Rg,1,"2,5","2,5"
1775,2023-01-04,Astoria,Coffee,Ethiopia Sm,2,"2,2","4,4"
1776,2023-01-04,Hell's Kitchen,Coffee,Columbian Medium Roast Sm,2,2,4
1777,2023-01-04,Hell's Kitchen,Coffee,Brazilian Lg,1,"3,5","3,5"
1778,2023-01-04,Astoria,Drinking Chocolate,Dark chocolate Rg,1,"3,5","3,5"
1779,2023-01-04,Astoria,Bakery,Chocolate Croissant,1,"3,75","3,75"
1780,2023-01-04,Astoria,Drinking Chocolate,Sustainably Grown Organic Rg,2,"3,75","7,5"
1781,2023-01-04,Lower Manhattan,Drinking Chocolate,Dark chocolate Lg,1,"4,5","4,5"
1782,2023-01-04,Lower Manhattan,Coffee,Our Old Time Diner Blend Lg,1,3,3
1783,2023-01-04,Lower Manhattan,Coffee,Columbian Medium Roast Lg,1,3,3
1784,2023-01-04,Hell's Kitchen,Tea,Earl Grey Rg,2,"2,5",5
1785,2023-01-04,Astoria,Coffee,Latte Rg,2,"4,25","8,5"
1786,2023-01-04,Hell's Kitchen,Tea,Peppermint Lg,2,3,6
1787,2023-01-04,Hell's Kitchen,Bakery,Ginger Biscotti,1,"3,5","3,5"
1788,2023-01-04,Hell's Kitchen,Coffee,Our Old Time Diner Blend Lg,2,3,6
1789,2023-01-04,Hell's Kitchen,Drinking Chocolate,Dark chocolate Lg,2,"4,5",9
1790,2023-01-04,Hell's Kitchen,Tea,Peppermint Rg,2,"2,5",5
1791,2023-01-04,Hell's Kitchen,Coffee,Columbian Medium Roast Rg,2,"2,5",5
1792,2023-01-04,Astoria,Tea,Serenity Green Tea Rg,2,"2,5",5
1793,2023-01-04,Astoria,Tea,Peppermint Rg,1,"2,5","2,5"
1794,2023-01-04,Hell's Kitchen,Coffee,Our Old Time Diner Blend Rg,1,"2,5","2,5"
1795,2023-01-04,Hell's Kitchen,Drinking Chocolate,Sustainably Grown Organic Lg,1,"4,75","4,75"
1796,2023-01-04,Hell's Kitchen,Bakery,Jumbo Savory Scone,1,"3,75","3,75"
1797,2023-01-04,Astoria,Tea,Spicy Eye Opener Chai Rg,1,"2,55","2,55"
1798,2023-01-04,Lower Manhattan,Coffee,Our Old Time Diner Blend Sm,2,2,4
1799,2023-01-04,Lower Manhattan,Bakery,Chocolate Croissant,1,"3,75","3,75"
1800,2023-01-04,Lower Manhattan,Coffee,Jamaican Coffee River Lg,2,"3,75","7,5"
1801,2023-01-04,Hell's Kitchen,Coffee,Columbian Medium Roast Rg,2,"2,5",5
1802,2023-01-04,Astoria,Coffee,Ethiopia Sm,1,"2,2","2,2"
1803,2023-01-04,Hell's Kitchen,Tea,Spicy Eye Opener Chai Rg,1,"2,55","2,55"
1804,2023-01-04,Astoria,Coffee,Our Old Time Diner Blend Rg,2,"2,5",5
1805,2023-01-04,Hell's Kitchen,Coffee,Brazilian Rg,1,3,3
1806,2023-01-04,Astoria,Coffee,Columbian Medium Roast Lg,1,3,3
1807,2023-01-04,Astoria,Tea,Morning Sunrise Chai Lg,1,4,4
1808,2023-01-04,Astoria,Coffee,Our Old Time Diner Blend Lg,2,3,6
1809,2023-01-04,Hell's Kitchen,Coffee,Cappuccino,2,"3,75","7,5"
1810,2023-01-04,Astoria,Coffee,Brazilian Rg,2,3,6
1811,2023-01-04,Hell's Kitchen,Coffee,Latte,1,"3,75","3,75"
1812,2023-01-04,Hell's Kitchen,Coffee,Jamaican Coffee River Sm,2,"2,45","4,9"
1813,2023-01-04,Lower Manhattan,Tea,Serenity Green Tea Lg,2,3,6
1814,2023-01-04,Astoria,Coffee,Latte Rg,2,"4,25","8,5"
1815,2023-01-04,Hell's Kitchen,Tea,English Breakfast Lg,2,3,6
1816,2023-01-04,Hell's Kitchen,Coffee,Cappuccino,2,"3,75","7,5"
1817,2023-01-04,Hell's Kitchen,Bakery,Ginger Biscotti,1,"3,5","3,5"
1818,2023-01-04,Lower Manhattan,Coffee,Columbian Medium Roast Rg,1,"2,5","2,5"
1819,2023-01-04,Lower Manhattan,Coffee,Ouro Brasileiro shot,1,3,3
1820,2023-01-04,Lower Manhattan,Bakery,Oatmeal Scone,1,3,3
1821,2023-01-04,Astoria,Coffee,Jamaican Coffee River Sm,2,"2,45","4,9"
1822,2023-01-04,Astoria,Tea,Morning Sunrise Chai Lg,2,4,8
1823,2023-01-04,Astoria,Tea,Morning Sunrise Chai Lg,2,4,8
1824,2023-01-04,Lower Manhattan,Tea,Peppermint Lg,2,3,6
1825,2023-01-04,Hell's Kitchen,Tea,Serenity Green Tea Rg,1,"2,5","2,5"
1826,2023-01-04,Lower Manhattan,Coffee,Columbian Medium Roast Sm,1,2,2
1827,2023-01-04,Hell's Kitchen,Coffee,Ouro Brasileiro shot,2,3,6
1828,2023-01-04,Astoria,Tea,Spicy Eye Opener Chai Rg,2,"2,55","5,1"
1829,2023-01-04,Astoria,Coffee,Columbian Medium Roast Lg,2,3,6
1830,2023-01-04,Astoria,Coffee,Jamaican Coffee River Rg,2,"3,1","6,2"
1831,2023-01-04,Astoria,Bakery,Almond Croissant,1,"3,75","3,75"
1832,2023-01-04,Astoria,Coffee,Espresso shot,1,3,3
1833,2023-01-04,Astoria,Bakery,Chocolate Chip Biscotti,1,"3,5","3,5"
1834,2023-01-04,Hell's Kitchen,Coffee,Brazilian Rg,2,3,6
1835,2023-01-04,Lower Manhattan,Tea,Peppermint Lg,2,3,6
1836,2023-01-04,Lower Manhattan,Coffee,Brazilian Lg,1,"3,5","3,5"
1837,2023-01-04,Lower Manhattan,Bakery,Chocolate Croissant,1,"3,75","3,75"
1838,2023-01-04,Astoria,Coffee,Jamaican Coffee River Lg,1,"3,75","3,75"
1839,2023-01-04,Lower Manhattan,Tea,Peppermint Lg,1,3,3
1840,2023-01-04,Hell's Kitchen,Coffee,Cappuccino,1,"3,75","3,75"
1841,2023-01-04,Lower Manhattan,Tea,Earl Grey Rg,2,"2,5",5
1842,2023-01-04,Astoria,Drinking Chocolate,Dark chocolate Rg,2,"3,5",7
1843,2023-01-04,Lower Manhattan,Tea,Traditional Blend Chai Rg,2,"2,5",5
1844,2023-01-04,Astoria,Coffee,Our Old Time Diner Blend Lg,1,3,3
1845,2023-01-04,Astoria,Tea,Serenity Green Tea Rg,1,"2,5","2,5"
1846,2023-01-04,Astoria,Coffee,Ethiopia Sm,1,"2,2","2,2"
1847,2023-01-04,Astoria,Drinking Chocolate,Dark chocolate Lg,1,"4,5","4,5"
1848,2023-01-04,Astoria,Bakery,Chocolate Croissant,1,"3,75","3,75"
1849,2023-01-04,Hell's Kitchen,Tea,English Breakfast Rg,1,"2,5","2,5"
1850,2023-01-04,Astoria,Coffee,Jamaican Coffee River Sm,2,"2,45","4,9"
1851,2023-01-04,Lower Manhattan,Coffee,Cappuccino,2,"3,75","7,5"
1852,2023-01-04,Astoria,Drinking Chocolate,Dark chocolate Lg,2,"4,5",9
1853,2023-01-04,Astoria,Coffee,Latte,2,"3,75","7,5"
1854,2023-01-04,Astoria,Coffee,Brazilian Rg,2,3,6
1855,2023-01-04,Astoria,Tea,Traditional Blend Chai Rg,1,"2,5","2,5"
1856,2023-01-04,Astoria,Bakery,Hazelnut Biscotti,1,"3,25","3,25"
1857,2023-01-04,Astoria,Coffee,Our Old Time Diner Blend Rg,2,"2,5",5
1858,2023-01-04,Hell's Kitchen,Coffee,Espresso shot,2,3,6
1859,2023-01-04,Hell's Kitchen,Tea,Peppermint Rg,2,"2,5",5
1860,2023-01-04,Hell's Kitchen,Drinking Chocolate,Sustainably Grown Organic Rg,1,"3,75","3,75"
1861,2023-01-04,Astoria,Coffee,Columbian Medium Roast Sm,1,2,2
1862,2023-01-04,Hell's Kitchen,Coffee,Columbian Medium Roast Rg,2,"2,5",5
1863,2023-01-04,Lower Manhattan,Coffee,Columbian Medium Roast Lg,2,3,6
1864,2023-01-04,Lower Manhattan,Coffee,Jamaican Coffee River Sm,2,"2,45","4,9"
1865,2023-01-04,Hell's Kitchen,Coffee,Ethiopia Rg,1,3,3
1866,2023-01-04,Lower Manhattan,Coffee,Jamaican Coffee River Sm,2,"2,45","4,9"
1867,2023-01-04,Hell's Kitchen,Coffee,Our Old Time Diner Blend Lg,1,3,3
1868,2023-01-04,Astoria,Coffee,Columbian Medium Roast Rg,2,"2,5",5
1869,2023-01-04,Hell's Kitchen,Tea,Serenity Green Tea Lg,1,3,3
1870,2023-01-04,Hell's Kitchen,Bakery,Cranberry Scone,1,"3,25","3,25"
1871,2023-01-04,Hell's Kitchen,Coffee,Brazilian Rg,1,3,3
1872,2023-01-04,Hell's Kitchen,Bakery,"Scottish Cream Scone ",1,"4,5","4,5"
1873,2023-01-04,Astoria,Coffee,Columbian Medium Roast Lg,2,3,6
1874,2023-01-04,Astoria,Bakery,Chocolate Croissant,1,"3,75","3,75"
1875,2023-01-04,Astoria,Coffee,Columbian Medium Roast Rg,1,"2,5","2,5"
1876,2023-01-04,Astoria,Coffee,Latte Rg,1,"4,25","4,25"
1877,2023-01-04,Astoria,Bakery,Hazelnut Biscotti,1,"3,25","3,25"
1878,2023-01-04,Astoria,Coffee,Latte,1,"3,75","3,75"
1879,2023-01-04,Lower Manhattan,Tea,Traditional Blend Chai Lg,1,3,3
1880,2023-01-04,Hell's Kitchen,Drinking Chocolate,Dark chocolate Lg,1,"4,5","4,5"
1881,2023-01-04,Hell's Kitchen,Coffee,Brazilian Sm,2,"2,2","4,4"
1882,2023-01-04,Hell's Kitchen,Coffee,Latte,1,"3,75","3,75"
1883,2023-01-04,Astoria,Drinking Chocolate,Sustainably Grown Organic Rg,2,"3,75","7,5"
1884,2023-01-04,Astoria,Tea,Peppermint Lg,1,3,3
1885,2023-01-04,Astoria,Drinking Chocolate,Dark chocolate Rg,1,"3,5","3,5"
1886,2023-01-04,Astoria,Coffee,Latte Rg,1,"4,25","4,25"
1887,2023-01-04,Lower Manhattan,Coffee,Our Old Time Diner Blend Rg,2,"2,5",5
1888,2023-01-04,Astoria,Tea,Earl Grey Rg,1,"2,5","2,5"
1889,2023-01-04,Astoria,Coffee,Ethiopia Sm,1,"2,2","2,2"
1890,2023-01-04,Astoria,Coffee,Jamaican Coffee River Sm,2,"2,45","4,9"
1891,2023-01-04,Astoria,Tea,English Breakfast Rg,2,"2,5",5
1892,2023-01-04,Lower Manhattan,Tea,Spicy Eye Opener Chai Lg,2,"3,1","6,2"
1893,2023-01-04,Lower Manhattan,Bakery,Almond Croissant,1,"3,75","3,75"
1894,2023-01-04,Astoria,Coffee,Our Old Time Diner Blend Rg,2,"2,5",5
1895,2023-01-04,Astoria,Tea,Morning Sunrise Chai Rg,2,"2,5",5
1896,2023-01-04,Hell's Kitchen,Coffee,Jamaican Coffee River Sm,1,"2,45","2,45"
1897,2023-01-04,Lower Manhattan,Tea,Peppermint Lg,1,3,3
1898,2023-01-04,Astoria,Coffee,Our Old Time Diner Blend Lg,2,3,6
1899,2023-01-04,Astoria,Coffee,Latte,1,"3,75","3,75"
1900,2023-01-04,Astoria,Tea,Spicy Eye Opener Chai Lg,1,"3,1","3,1"
1901,2023-01-04,Astoria,Drinking Chocolate,Sustainably Grown Organic Rg,1,"3,75","3,75"
1902,2023-01-04,Hell's Kitchen,Coffee,Jamaican Coffee River Rg,2,"3,1","6,2"
1903,2023-01-04,Hell's Kitchen,Tea,Spicy Eye Opener Chai Rg,2,"2,55","5,1"
1904,2023-01-04,Hell's Kitchen,Tea,Peppermint Lg,2,3,6
1905,2023-01-04,Hell's Kitchen,Tea,Lemon Grass Rg,2,"2,5",5
1906,2023-01-04,Hell's Kitchen,Bakery,Chocolate Chip Biscotti,1,"3,5","3,5"
1907,2023-01-04,Lower Manhattan,Coffee,Ethiopia Sm,2,"2,2","4,4"
1908,2023-01-04,Astoria,Tea,Traditional Blend Chai Lg,2,3,6
1909,2023-01-04,Lower Manhattan,Tea,Spicy Eye Opener Chai Lg,2,"3,1","6,2"
1910,2023-01-04,Lower Manhattan,Bakery,Chocolate Chip Biscotti,1,"3,5","3,5"
1911,2023-01-04,Astoria,Tea,Lemon Grass Lg,2,3,6
1912,2023-01-04,Astoria,Tea,Peppermint Rg,1,"2,5","2,5"
1913,2023-01-04,Astoria,Coffee,Columbian Medium Roast Sm,2,2,4
1914,2023-01-04,Hell's Kitchen,Coffee,Ethiopia Lg,1,"3,5","3,5"
1915,2023-01-04,Lower Manhattan,Tea,Morning Sunrise Chai Rg,2,"2,5",5
1916,2023-01-04,Astoria,Coffee,Our Old Time Diner Blend Sm,1,2,2
1917,2023-01-04,Astoria,Bakery,Almond Croissant,1,"3,75","3,75"
1918,2023-01-04,Astoria,Tea,Peppermint Lg,1,3,3
1919,2023-01-04,Astoria,Tea,Peppermint Lg,2,3,6
1920,2023-01-04,Astoria,Coffee,Cappuccino Lg,2,"4,25","8,5"
1921,2023-01-04,Astoria,Tea,Traditional Blend Chai Lg,1,3,3
1922,2023-01-04,Hell's Kitchen,Tea,Spicy Eye Opener Chai Lg,1,"3,1","3,1"
1923,2023-01-04,Astoria,Tea,Serenity Green Tea Rg,2,"2,5",5
1924,2023-01-04,Lower Manhattan,Coffee,Jamaican Coffee River Sm,1,"2,45","2,45"
1925,2023-01-04,Lower Manhattan,Coffee,Cappuccino,2,"3,75","7,5"
1926,2023-01-04,Lower Manhattan,Bakery,Oatmeal Scone,1,3,3
1927,2023-01-04,Lower Manhattan,Coffee,Cappuccino Lg,1,"4,25","4,25"
1928,2023-01-04,Lower Manhattan,Tea,Lemon Grass Rg,2,"2,5",5
1929,2023-01-04,Astoria,Tea,English Breakfast Lg,2,3,6
1930,2023-01-04,Astoria,Coffee,Brazilian Lg,2,"3,5",7
1931,2023-01-04,Astoria,Tea,English Breakfast Lg,2,3,6
1932,2023-01-04,Hell's Kitchen,Coffee,Latte Rg,1,"4,25","4,25"
1933,2023-01-04,Lower Manhattan,Tea,Peppermint Lg,2,3,6
1934,2023-01-04,Hell's Kitchen,Tea,Peppermint Rg,2,"2,5",5
1935,2023-01-04,Lower Manhattan,Coffee,Espresso shot,2,3,6
1936,2023-01-04,Hell's Kitchen,Tea,Earl Grey Rg,2,"2,5",5
1937,2023-01-04,Astoria,Coffee,Columbian Medium Roast Lg,2,3,6
1938,2023-01-04,Lower Manhattan,Drinking Chocolate,Dark chocolate Lg,2,"4,5",9
1939,2023-01-04,Lower Manhattan,Bakery,Chocolate Croissant,1,"3,75","3,75"
1940,2023-01-04,Lower Manhattan,Tea,Peppermint Lg,1,3,3
1941,2023-01-04,Lower Manhattan,Coffee,Jamaican Coffee River Sm,1,"2,45","2,45"
1942,2023-01-04,Lower Manhattan,Bakery,Oatmeal Scone,1,3,3
1943,2023-01-04,Astoria,Tea,Lemon Grass Lg,1,3,3
1944,2023-01-04,Astoria,Tea,Traditional Blend Chai Lg,2,3,6
1945,2023-01-04,Hell's Kitchen,Coffee,Columbian Medium Roast Lg,2,3,6
1946,2023-01-04,Hell's Kitchen,Coffee,Latte Rg,2,"4,25","8,5"
1947,2023-01-04,Lower Manhattan,Coffee,Jamaican Coffee River Lg,2,"3,75","7,5"
1948,2023-01-04,Lower Manhattan,Bakery,Ginger Scone,1,"3,25","3,25"
1949,2023-01-04,Hell's Kitchen,Tea,Serenity Green Tea Rg,2,"2,5",5
1950,2023-01-04,Hell's Kitchen,Tea,English Breakfast Lg,1,3,3
1951,2023-01-04,Lower Manhattan,Coffee,Brazilian Lg,2,"3,5",7
1952,2023-01-04,Astoria,Coffee,Our Old Time Diner Blend Rg,1,"2,5","2,5"
1953,2023-01-04,Lower Manhattan,Coffee,Jamaican Coffee River Sm,1,"2,45","2,45"
1954,2023-01-04,Hell's Kitchen,Tea,Earl Grey Rg,1,"2,5","2,5"
1955,2023-01-04,Lower Manhattan,Drinking Chocolate,Sustainably Grown Organic Rg,2,"3,75","7,5"
1956,2023-01-04,Astoria,Coffee,Brazilian Lg,2,"3,5",7
1957,2023-01-04,Astoria,Coffee,Columbian Medium Roast Rg,1,"2,5","2,5"
1958,2023-01-04,Lower Manhattan,Coffee,Brazilian Lg,1,"3,5","3,5"
1959,2023-01-04,Lower Manhattan,Tea,English Breakfast Lg,2,3,6
1960,2023-01-04,Hell's Kitchen,Coffee,Ouro Brasileiro shot,2,3,6
1961,2023-01-04,Hell's Kitchen,Coffee,Brazilian Rg,2,3,6
1962,2023-01-04,Lower Manhattan,Coffee,Columbian Medium Roast Sm,1,2,2
1963,2023-01-04,Hell's Kitchen,Tea,Lemon Grass Lg,2,3,6
1964,2023-01-04,Astoria,Drinking Chocolate,Sustainably Grown Organic Rg,1,"3,75","3,75"
1965,2023-01-04,Astoria,Tea,Peppermint Lg,2,3,6
1966,2023-01-04,Hell's Kitchen,Coffee,Espresso shot,2,3,6
1967,2023-01-04,Astoria,Coffee,Columbian Medium Roast Rg,1,"2,5","2,5"
1968,2023-01-04,Hell's Kitchen,Coffee,Our Old Time Diner Blend Sm,1,2,2
1969,2023-01-04,Astoria,Coffee,Jamaican Coffee River Lg,1,"3,75","3,75"
1970,2023-01-04,Hell's Kitchen,Drinking Chocolate,Sustainably Grown Organic Rg,2,"3,75","7,5"
1971,2023-01-04,Astoria,Tea,Morning Sunrise Chai Rg,1,"2,5","2,5"
1972,2023-01-04,Hell's Kitchen,Coffee,Cappuccino,2,"3,75","7,5"
1973,2023-01-04,Lower Manhattan,Coffee,Ethiopia Lg,2,"3,5",7
1974,2023-01-04,Astoria,Drinking Chocolate,Dark chocolate Lg,2,"4,5",9
1975,2023-01-04,Astoria,Bakery,Chocolate Chip Biscotti,1,"3,5","3,5"
1976,2023-01-04,Hell's Kitchen,Coffee,Our Old Time Diner Blend Sm,1,2,2
1977,2023-01-04,Hell's Kitchen,Tea,Spicy Eye Opener Chai Rg,2,"2,55","5,1"
1978,2023-01-04,Lower Manhattan,Coffee,Columbian Medium Roast Lg,1,3,3
1979,2023-01-04,Astoria,Tea,Serenity Green Tea Lg,1,3,3
1980,2023-01-04,Astoria,Bakery,Jumbo Savory Scone,1,"3,75","3,75"
1981,2023-01-04,Astoria,Tea,English Breakfast Rg,1,"2,5","2,5"
1982,2023-01-04,Astoria,Coffee,Jamaican Coffee River Lg,2,"3,75","7,5"
1983,2023-01-04,Astoria,Bakery,Chocolate Chip Biscotti,1,"3,5","3,5"
1984,2023-01-04,Lower Manhattan,Tea,Spicy Eye Opener Chai Lg,1,"3,1","3,1"
1985,2023-01-04,Astoria,Tea,Lemon Grass Rg,2,"2,5",5
1986,2023-01-04,Astoria,Bakery,Cranberry Scone,1,"3,25","3,25"
1987,2023-01-04,Lower Manhattan,Drinking Chocolate,Sustainably Grown Organic Lg,1,"4,75","4,75"
1988,2023-01-04,Lower Manhattan,Bakery,Ginger Biscotti,1,"3,5","3,5"
1989,2023-01-04,Hell's Kitchen,Coffee,Espresso shot,2,3,6
1990,2023-01-04,Astoria,Tea,Morning Sunrise Chai Lg,1,4,4
1991,2023-01-04,Astoria,Coffee,Jamaican Coffee River Rg,2,"3,1","6,2"
1992,2023-01-04,Astoria,Tea,Traditional Blend Chai Lg,1,3,3
1993,2023-01-04,Astoria,Coffee,Brazilian Sm,2,"2,2","4,4"
1994,2023-01-04,Astoria,Drinking Chocolate,Dark chocolate Rg,1,"3,5","3,5"
1995,2023-01-04,Astoria,Tea,Spicy Eye Opener Chai Rg,2,"2,55","5,1"
1996,2023-01-04,Hell's Kitchen,Tea,Earl Grey Rg,2,"2,5",5
1997,2023-01-04,Hell's Kitchen,Coffee,Cappuccino Lg,2,"4,25","8,5"
1998,2023-01-04,Hell's Kitchen,Drinking Chocolate,Sustainably Grown Organic Rg,1,"3,75","3,75"
1999,2023-01-04,Lower Manhattan,Coffee,Ouro Brasileiro shot,2,3,6
